OBJECTID,ID,Reported Date,Reported Hour,Reported Year,Occurred Date,Occurred Hour,Occurred Year,Time of Day,Weekday,Day of Week,Neighbourhood,Sector,Division,Ward,Councillor,Census Tract,Level of Injury,x,y
1,5825,7/5/2022 5:00:00 AM,1200,2022,7/5/2022 5:00:00 AM,1200,2022,Afternoon,Tuesday,2,Ledbury - Heron Gate - Ridgemont - Elmwood,34,East,Ward 16 - River,Riley Brockington,5050001.01,FATAL,370825.726000003,5025378.52409946
2,8759,4/4/2022 5:00:00 AM,1600,2022,4/4/2022 5:00:00 AM,1600,2022,Afternoon,Monday,1,Ledbury - Heron Gate - Ridgemont - Elmwood,34,East,Ward 18 - Alta Vista,Marty Carr,5050007.02,MINOR,370838.878900005,5026881.08409946
3,7144,6/6/2021 5:00:00 AM,200,2021,6/6/2021 5:00:00 AM,2200,2021,Evening,Sunday,7,Ledbury - Heron Gate - Ridgemont - Elmwood,34,East,Ward 16 - River,Riley Brockington,5050001.01,,371033.726000004,5026354.53099946
4,9156,5/22/2018 5:00:00 AM,100,2018,5/21/2018 5:00:00 AM,2300,2018,Evening,Monday,1,Ledbury - Heron Gate - Ridgemont - Elmwood,34,East,Ward 10 - Gloucester-Southgate,Jessica Bradley,5050001.01,MINOR,371101.135100002,5026191.49509946
5,7144,1/16/2018 5:00:00 AM,1600,2018,1/16/2018 5:00:00 AM,1600,2018,Afternoon,Tuesday,2,Ledbury - Heron Gate - Ridgemont - Elmwood,34,East,Ward 16 - River,Riley Brockington,5050001.01,MINOR,371033.726000004,5026354.53099946
6,7144,6/23/2021 5:00:00 AM,200,2021,6/23/2021 5:00:00 AM,200,2021,Night,Wednesday,3,Ledbury - Heron Gate - Ridgemont - Elmwood,34,East,Ward 10 - Gloucester-Southgate,Jessica Bradley,5050001.01,,371033.726000004,5026354.53099946
7,58912,5/27/2019 5:00:00 AM,200,2019,5/27/2019 5:00:00 AM,2200,2019,Evening,Monday,1,Ledbury - Heron Gate - Ridgemont - Elmwood,34,East,Ward 10 - Gloucester-Southgate,Jessica Bradley,5050001.01,FATAL,371501.727900005,5026253.53009946
8,9156,6/27/2018 5:00:00 AM,200,2018,6/27/2018 5:00:00 AM,2300,2018,Evening,Wednesday,3,Ledbury - Heron Gate - Ridgemont - Elmwood,34,East,Ward 10 - Gloucester-Southgate,Jessica Bradley,5050001.01,MINOR,371101.135100002,5026191.49509946
9,5825,4/19/2018 5:00:00 AM,100,2018,4/19/2018 5:00:00 AM,0,2018,Night,Thursday,4,Ledbury - Heron Gate - Ridgemont - Elmwood,34,East,Ward 16 - River,Riley Brockington,5050001.01,,370825.726000003,5025378.52409946
10,58912,8/4/2018 5:00:00 AM,900,2018,8/4/2018 5:00:00 AM,900,2018,Morning,Saturday,6,Ledbury - Heron Gate - Ridgemont - Elmwood,34,East,Ward 10 - Gloucester-Southgate,Jessica Bradley,5050001.01,,371501.727900005,5026253.53009946
11,1554,6/18/2018 5:00:00 AM,1300,2018,6/15/2018 5:00:00 AM,1700,2018,Afternoon,Friday,5,Ledbury - Heron Gate - Ridgemont - Elmwood,34,East,Ward 10 - Gloucester-Southgate,Jessica Bradley,5050001.01,,371436.552100003,5026494.75289946
12,58912,4/13/2019 5:00:00 AM,200,2019,4/13/2019 5:00:00 AM,2200,2019,Evening,Saturday,6,Ledbury - Heron Gate - Ridgemont - Elmwood,34,East,Ward 10 - Gloucester-Southgate,Jessica Bradley,5050001.01,MINOR,371501.727900005,5026253.53009946
13,12440,5/28/2018 5:00:00 AM,900,2018,5/24/2018 5:00:00 AM,1500,2018,Afternoon,Thursday,4,Ledbury - Heron Gate - Ridgemont - Elmwood,34,East,Ward 10 - Gloucester-Southgate,Jessica Bradley,5050001.01,NONE,371809.729000005,5026692.53289946
14,9516,8/26/2021 5:00:00 AM,200,2021,8/26/2021 5:00:00 AM,2100,2021,Evening,Thursday,4,Ledbury - Heron Gate - Ridgemont - Elmwood,34,East,Ward 16 - River,Riley Brockington,5050001.01,MAJOR,371119.726000003,5026146.53009946
15,5825,10/12/2019 5:00:00 AM,1200,2019,10/12/2019 5:00:00 AM,1200,2019,Afternoon,Saturday,6,Ledbury - Heron Gate - Ridgemont - Elmwood,34,East,Ward 16 - River,Riley Brockington,5050001.01,UNKNOWN,370825.726000003,5025378.52409946
16,5825,8/27/2022 5:00:00 AM,1900,2022,8/27/2022 5:00:00 AM,1900,2022,Evening,Saturday,6,Ledbury - Heron Gate - Ridgemont - Elmwood,34,East,Ward 16 - River,Riley Brockington,5050001.01,MAJOR,370825.726000003,5025378.52409946
17,2264,1/30/2018 5:00:00 AM,1600,2018,1/30/2018 5:00:00 AM,1600,2018,Afternoon,Tuesday,2,Ledbury - Heron Gate - Ridgemont - Elmwood,34,East,Ward 10 - Gloucester-Southgate,Jessica Bradley,5050001.01,,371874.729000006,5026501.53209946
18,5618,4/17/2018 5:00:00 AM,200,2018,4/17/2018 5:00:00 AM,2200,2018,Evening,Tuesday,2,Ledbury - Heron Gate - Ridgemont - Elmwood,34,East,Ward 10 - Gloucester-Southgate,Jessica Bradley,5050001.01,,371194.726000001,5026455.53209946
19,1413,9/11/2022 5:00:00 AM,1000,2022,9/11/2022 5:00:00 AM,1000,2022,Morning,Sunday,7,Ledbury - Heron Gate - Ridgemont - Elmwood,34,East,Ward 10 - Gloucester-Southgate,Jessica Bradley,5050001.01,,372012.397500004,5026347.47519946
20,10561,6/19/2019 5:00:00 AM,200,2019,6/19/2019 5:00:00 AM,2000,2019,Evening,Wednesday,3,Ledbury - Heron Gate - Ridgemont - Elmwood,34,East,Ward 18 - Alta Vista,Marty Carr,5050007.02,,371146.070100004,5026979.40929946
21,5825,6/20/2018 5:00:00 AM,200,2018,6/20/2018 5:00:00 AM,2300,2018,Evening,Wednesday,3,Ledbury - Heron Gate - Ridgemont - Elmwood,34,East,Ward 16 - River,Riley Brockington,5050001.01,MINOR,370825.726000003,5025378.52409946
22,5618,4/20/2018 5:00:00 AM,,2018,4/19/2018 5:00:00 AM,2200,2018,Evening,Thursday,4,Ledbury - Heron Gate - Ridgemont - Elmwood,34,East,Ward 18 - Alta Vista,Marty Carr,5050007.02,,371194.726000001,5026455.53209946
23,8225,9/15/2021 5:00:00 AM,200,2021,9/15/2021 5:00:00 AM,2200,2021,Evening,Wednesday,3,Ledbury - Heron Gate - Ridgemont - Elmwood,34,East,Ward 10 - Gloucester-Southgate,Jessica Bradley,5050001.01,NONE,371424.680100004,5026591.75369946
24,10958,10/15/2019 5:00:00 AM,100,2019,10/15/2019 5:00:00 AM,100,2019,Night,Tuesday,2,Orléans North West,31,East,Ward 2 - Orléans West-Innes,Laura Dudas,5050124.04,,380027.735900007,5037654.59509946
25,6099,9/26/2022 5:00:00 AM,200,2022,9/26/2022 5:00:00 AM,2100,2022,Evening,Monday,1,Orléans North West,31,East,Ward 2 - Orléans West-Innes,Laura Dudas,5050124.04,NONE,379238.732900007,5037375.59589946
26,3583,6/1/2020 5:00:00 AM,1300,2020,6/1/2020 5:00:00 AM,500,2020,Night,Monday,1,Qualicum - Redwood Park,15,West,Ward 8 - College,Laine Johnson,5050027.00,NONE,360386.674000001,5022901.50109946
27,12389,6/6/2020 5:00:00 AM,1400,2020,6/5/2020 5:00:00 AM,2300,2020,Evening,Friday,5,Qualicum - Redwood Park,15,West,Ward 8 - College,Laine Johnson,5050027.00,,360215.674000002,5023136.50299946
28,565,1/1/2022 5:00:00 AM,300,2022,1/1/2022 5:00:00 AM,300,2022,Night,Saturday,6,Orléans Chapel Hill South,31,East,Ward 19 - Orléans South-Navan,Catherine Kitts,5050125.06,,381220.595100008,5032655.08299946
29,5164,7/16/2022 5:00:00 AM,1300,2022,7/1/2022 5:00:00 AM,1300,2022,Afternoon,Friday,5,Galetta,11,West,Ward 5 - West Carleton-March,Clarke Kelly,5050301.00,MINOR,323368.5329,5033781.01509946
30,5364,6/13/2023 5:00:00 AM,300,2023,6/13/2023 5:00:00 AM,300,2023,Night,Tuesday,2,Civic Hospital-Central Park,21,Central,Ward 15 - Kitchissippi,Jeff Leiper,5050034.00,,365657.700000002,5028517.55209946
31,5364,11/5/2021 5:00:00 AM,1600,2021,11/5/2021 5:00:00 AM,1600,2021,Afternoon,Friday,5,Civic Hospital-Central Park,21,Central,Ward 15 - Kitchissippi,Jeff Leiper,5050034.00,MINOR,365657.700000002,5028517.55209946
32,5364,2/2/2019 5:00:00 AM,100,2019,2/2/2019 5:00:00 AM,100,2019,Night,Saturday,6,Civic Hospital-Central Park,21,Central,Ward 15 - Kitchissippi,Jeff Leiper,5050034.00,MINOR,365657.700000002,5028517.55209946
33,13853,2/19/2022 5:00:00 AM,200,2022,2/19/2022 5:00:00 AM,200,2022,Night,Saturday,6,Civic Hospital-Central Park,21,Central,Ward 16 - River,Riley Brockington,5050020.01,MAJOR,366425.704900002,5026090.53099946
34,5501,6/29/2023 5:00:00 AM,200,2023,6/29/2023 5:00:00 AM,2100,2023,Evening,Thursday,4,Civic Hospital-Central Park,21,Central,Ward 16 - River,Riley Brockington,5050023.02,,364417.820000001,5025858.52709946
35,5364,5/3/2019 5:00:00 AM,100,2019,5/3/2019 5:00:00 AM,100,2019,Night,Friday,5,Civic Hospital-Central Park,21,Central,Ward 15 - Kitchissippi,Jeff Leiper,5050034.00,,365657.700000002,5028517.55209946
36,13149,4/1/2019 5:00:00 AM,200,2019,4/1/2019 5:00:00 AM,2200,2019,Evening,Monday,1,Civic Hospital-Central Park,21,Central,Ward 16 - River,Riley Brockington,5050020.01,NONE,366324.008300002,5025654.05229946
37,5601,1/13/2023 5:00:00 AM,1600,2023,1/13/2023 5:00:00 AM,1600,2023,Afternoon,Friday,5,Civic Hospital-Central Park,21,Central,Ward 15 - Kitchissippi,Jeff Leiper,5050034.00,,365179.698100002,5028737.55399946
38,13927,12/6/2023 5:00:00 AM,1400,2023,12/6/2023 5:00:00 AM,1400,2023,Afternoon,Wednesday,3,Beacon Hill South - Cardinal Heights,32,East,Ward 11 - Beacon Hill-Cyrville,Tim Tierney,5050121.01,,375672.727900005,5034351.58489946
39,2959,2/15/2021 5:00:00 AM,300,2021,2/14/2021 5:00:00 AM,1700,2021,Afternoon,Sunday,7,Beacon Hill South - Cardinal Heights,32,East,Ward 11 - Beacon Hill-Cyrville,Tim Tierney,5050121.02,NONE,375924.727900006,5034561.58599946
40,3122,6/22/2022 5:00:00 AM,1800,2022,6/22/2022 5:00:00 AM,1800,2022,Evening,Wednesday,3,Beacon Hill South - Cardinal Heights,32,East,Ward 11 - Beacon Hill-Cyrville,Tim Tierney,5050121.01,MAJOR,374167.721900005,5034312.58989946
41,8150,4/16/2023 5:00:00 AM,1800,2023,4/15/2023 5:00:00 AM,1400,2023,Afternoon,Saturday,6,Rothwell Heights - Beacon Hill North,32,East,Ward 11 - Beacon Hill-Cyrville,Tim Tierney,5050121.01,,375654.727100006,5034556.58709946
42,12421,1/18/2018 5:00:00 AM,200,2018,1/18/2018 5:00:00 AM,2300,2018,Evening,Thursday,4,Hintonburg - Mechanicsville,21,Central,Ward 15 - Kitchissippi,Jeff Leiper,5050046.00,,365012.695900002,5030192.56709946
43,5101,10/20/2021 5:00:00 AM,1700,2021,10/20/2021 5:00:00 AM,1700,2021,Afternoon,Wednesday,3,Hintonburg - Mechanicsville,21,Central,Ward 15 - Kitchissippi,Jeff Leiper,5050046.00,MAJOR,364790.851200002,5030097.34999946
44,12264,10/29/2018 5:00:00 AM,300,2018,10/29/2018 5:00:00 AM,300,2018,Night,Monday,1,Hintonburg - Mechanicsville,21,Central,Ward 15 - Kitchissippi,Jeff Leiper,5050046.00,FATAL,365138.452100002,5029890.54109946
45,11534,4/29/2019 5:00:00 AM,1400,2019,4/26/2019 5:00:00 AM,1700,2019,Afternoon,Friday,5,Hintonburg - Mechanicsville,21,Central,Ward 15 - Kitchissippi,Jeff Leiper,5050043.00,,366197.244600001,5029566.34079946
46,208,1/1/2021 5:00:00 AM,400,2021,1/1/2021 5:00:00 AM,400,2021,Night,Friday,5,Kanata Lakes - Marchwood Lakeside - Morgan's Grant - Kanata North Business Park,13,West,Ward 4 - Kanata North,Cathy Curry,5050160.10,MAJOR,349345.6065,5023821.49009946
47,10365,2/6/2019 5:00:00 AM,200,2019,2/6/2019 5:00:00 AM,200,2019,Night,Wednesday,3,Kanata Lakes - Marchwood Lakeside - Morgan's Grant - Kanata North Business Park,13,West,Ward 4 - Kanata North,Cathy Curry,5050160.11,,350175.6181,5023443.01099946
48,11667,7/8/2022 5:00:00 AM,1600,2022,7/8/2022 5:00:00 AM,1600,2022,Afternoon,Friday,5,Manotick East,36,East,Ward 20 - Osgoode,George Darouze,5050191.01,NONE,374750.738900004,5010524.41209946
49,2951,2/9/2021 5:00:00 AM,1900,2021,2/9/2021 5:00:00 AM,1900,2021,Evening,Tuesday,2,Greely,36,East,Ward 20 - Osgoode,George Darouze,5050190.02,MAJOR,375756.338100006,5013687.53399946
50,14063,7/24/2023 5:00:00 AM,1400,2023,7/24/2023 5:00:00 AM,1400,2023,Afternoon,Monday,1,Metcalfe,36,East,Ward 20 - Osgoode,George Darouze,5050190.02,,380791.367900006,5011926.31699946
51,14854,8/19/2023 5:00:00 AM,300,2023,8/19/2023 5:00:00 AM,300,2023,Night,Saturday,6,Russell - Edwards,37,East,Ward 20 - Osgoode,George Darouze,5050126.04,,383016.791000009,5023978.49699946
52,7678,1/2/2022 5:00:00 AM,1400,2022,1/2/2022 5:00:00 AM,900,2022,Morning,Sunday,7,Russell - Edwards,37,East,Ward 20 - Osgoode,George Darouze,5050190.01,MINOR,385848.46070001,5020858.82139946
53,14874,10/12/2022 5:00:00 AM,1700,2022,10/12/2022 5:00:00 AM,1700,2022,Afternoon,Wednesday,3,Russell - Edwards,37,East,Ward 20 - Osgoode,George Darouze,5050126.04,NONE,380306.780000008,5020069.48109946
54,7694,7/10/2021 5:00:00 AM,1700,2021,7/10/2021 5:00:00 AM,1700,2021,Afternoon,Saturday,6,Vanier South,25,Central,Ward 12 - Rideau-Vanier,Stéphanie Plante,5050102.00,NONE,370927.712900003,5033170.58789946
55,5653,6/13/2021 5:00:00 AM,200,2021,6/13/2021 5:00:00 AM,2100,2021,Evening,Sunday,7,Vanier North,25,Central,Ward 12 - Rideau-Vanier,Stéphanie Plante,5050101.00,,370330.460000003,5033208.44009946
56,12817,4/2/2021 5:00:00 AM,1400,2021,4/2/2021 5:00:00 AM,1400,2021,Afternoon,Friday,5,Overbrook - McArthur,25,Central,Ward 12 - Rideau-Vanier,Stéphanie Plante,5050101.00,,370222.274700003,5033145.94129946
57,14581,4/19/2022 5:00:00 AM,500,2022,4/19/2022 5:00:00 AM,500,2022,Night,Tuesday,2,Vanier South,25,Central,Ward 12 - Rideau-Vanier,Stéphanie Plante,5050101.00,MAJOR,370340.711000004,5032924.58709946
58,3294,2/17/2018 5:00:00 AM,1200,2018,2/17/2018 5:00:00 AM,1200,2018,Afternoon,Saturday,6,Vanier South,25,Central,Ward 12 - Rideau-Vanier,Stéphanie Plante,5050102.00,MAJOR,370514.991200004,5033312.57299946
59,12170,8/27/2022 5:00:00 AM,1700,2022,8/27/2022 5:00:00 AM,1700,2022,Afternoon,Saturday,6,Carlington,21,Central,Ward 16 - River,Riley Brockington,5050022.00,,364382.695900001,5026190.53209946
60,12956,8/2/2021 5:00:00 AM,200,2021,8/2/2021 5:00:00 AM,2300,2021,Evening,Monday,1,Carlington,21,Central,Ward 16 - River,Riley Brockington,5050022.00,MAJOR,364641.697000002,5026261.53209946
61,12956,1/7/2023 5:00:00 AM,1900,2023,1/7/2023 5:00:00 AM,1900,2023,Evening,Saturday,6,Carlington,21,Central,Ward 16 - River,Riley Brockington,5050022.00,,364641.697000002,5026261.53209946
62,12135,7/27/2020 5:00:00 AM,0,2020,7/27/2020 5:00:00 AM,0,2020,Night,Monday,1,Carlington,21,Central,Ward 16 - River,Riley Brockington,5050021.00,NONE,365209.698900002,5026651.53589946
63,13354,3/22/2022 5:00:00 AM,200,2022,3/22/2022 5:00:00 AM,2100,2022,Evening,Tuesday,2,Carlington,21,Central,Ward 16 - River,Riley Brockington,5050022.00,MAJOR,364789.697000001,5026653.53589946
64,12408,8/19/2018 5:00:00 AM,400,2018,8/19/2018 5:00:00 AM,400,2018,Night,Sunday,7,Carlington,21,Central,Ward 16 - River,Riley Brockington,5050022.00,,364916.1569,5027526.15609946
65,7202,10/6/2018 5:00:00 AM,1700,2018,10/6/2018 5:00:00 AM,1700,2018,Afternoon,Saturday,6,Carlington,21,Central,Ward 16 - River,Riley Brockington,5050022.00,MINOR,364844.6981,5026809.53699946
66,10962,6/28/2023 5:00:00 AM,1000,2023,6/28/2023 5:00:00 AM,1000,2023,Morning,Wednesday,3,Carlington,21,Central,Ward 16 - River,Riley Brockington,5050022.00,,364049.694000003,5026375.53289946
67,34926,6/2/2023 5:00:00 AM,500,2023,6/2/2023 5:00:00 AM,500,2023,Night,Friday,5,Carlington,21,Central,Ward 16 - River,Riley Brockington,5050022.00,,364462.493100002,5026097.12009946
68,8856,3/3/2018 5:00:00 AM,1900,2018,3/3/2018 5:00:00 AM,200,2018,Night,Saturday,6,Braemar Park - Bel Air Heights - Copeland Park,17,West,Ward 8 - College,Laine Johnson,5050024.00,,362458.600800002,5024005.90749946
69,1865,5/9/2020 5:00:00 AM,200,2020,5/9/2020 5:00:00 AM,2000,2020,Evening,Saturday,6,Bells Corners East,15,West,Ward 8 - College,Laine Johnson,5050136.01,NONE,357493.015100002,5019750.19889946
70,3223,4/23/2018 5:00:00 AM,200,2018,4/23/2018 5:00:00 AM,2000,2018,Evening,Monday,1,Crestview - Meadowlands,17,West,Ward 8 - College,Laine Johnson,5050133.00,,364106.143000003,5024351.79099946
71,8675,3/4/2023 5:00:00 AM,200,2023,3/4/2023 5:00:00 AM,2100,2023,Evening,Saturday,6,Crestview - Meadowlands,17,West,Ward 8 - College,Laine Johnson,5050134.00,,364829.740000002,5023090.53889946
72,4030,10/6/2019 5:00:00 AM,200,2019,10/6/2019 5:00:00 AM,200,2019,Night,Sunday,7,Crestview - Meadowlands,17,West,Ward 8 - College,Laine Johnson,5050133.00,NONE,363227.690100002,5023253.50599946
73,1879,8/9/2022 5:00:00 AM,1700,2022,8/9/2022 5:00:00 AM,1700,2022,Afternoon,Tuesday,2,Crestview - Meadowlands,17,West,Ward 8 - College,Laine Johnson,5050133.00,,363829.692900003,5023634.50909946
74,11597,2/18/2023 5:00:00 AM,200,2023,2/18/2023 5:00:00 AM,2000,2023,Evening,Saturday,6,Crestview - Meadowlands,17,West,Ward 8 - College,Laine Johnson,5050133.00,,363933.419000003,5024245.55699946
75,2398,11/15/2019 5:00:00 AM,0,2019,11/13/2019 5:00:00 AM,400,2019,Night,Wednesday,3,Crestview - Meadowlands,17,West,Ward 8 - College,Laine Johnson,5050134.00,,364468.592899999,5023509.07399946
76,7640,11/15/2022 5:00:00 AM,100,2022,11/15/2022 5:00:00 AM,100,2022,Night,Tuesday,2,Crestview - Meadowlands,17,West,Ward 8 - College,Laine Johnson,5050133.00,UNKNOWN,364054.726300002,5024046.48429946
77,7798,10/11/2023 5:00:00 AM,200,2023,10/11/2023 5:00:00 AM,2100,2023,Evening,Wednesday,3,Orléans Avalon - Notting Gate - Fallingbrook - Gardenway South,31,East,Ward 1 - Orléans East-Cumberland,Matthew Luloff,5050170.08,,383736.182600009,5036677.45529946
78,12321,9/29/2019 5:00:00 AM,200,2019,9/29/2019 5:00:00 AM,2000,2019,Evening,Sunday,7,Orléans Avalon - Notting Gate - Fallingbrook - Gardenway South,31,East,Ward 1 - Orléans East-Cumberland,Matthew Luloff,5050170.10,MINOR,383281.750100009,5038255.58189946
79,12061,5/29/2021 5:00:00 AM,500,2021,5/29/2021 5:00:00 AM,500,2021,Night,Saturday,6,Orléans Avalon - Notting Gate - Fallingbrook - Gardenway South,31,East,Ward 1 - Orléans East-Cumberland,Matthew Luloff,5050170.09,,383342.752100009,5037731.57699946
80,12061,4/6/2022 5:00:00 AM,900,2022,4/6/2022 5:00:00 AM,,2022,,Wednesday,3,Orléans Avalon - Notting Gate - Fallingbrook - Gardenway South,31,East,Ward 1 - Orléans East-Cumberland,Matthew Luloff,5050170.09,,383342.752100009,5037731.57699946
81,45560,12/9/2022 5:00:00 AM,1700,2022,12/9/2022 5:00:00 AM,1700,2022,Afternoon,Friday,5,Cumberland,37,East,Ward 1 - Orléans East-Cumberland,Matthew Luloff,5050171.06,,385520.498700011,5040943.58349946
82,14761,11/23/2023 5:00:00 AM,600,2023,11/23/2023 5:00:00 AM,600,2023,Morning,Thursday,4,Centrepointe,15,West,Ward 8 - College,Laine Johnson,5050137.05,,361962.079700002,5023163.69949946
83,11213,8/31/2019 5:00:00 AM,0,2019,8/31/2019 5:00:00 AM,0,2019,Night,Saturday,6,Ottawa East,22,Central,Ward 17 - Capital,Shawn Menard,5050015.00,,369670.712900003,5030959.57009946
84,7865,9/28/2020 5:00:00 AM,200,2020,9/28/2020 5:00:00 AM,2300,2020,Evening,Monday,1,Ottawa East,22,Central,Ward 17 - Capital,Shawn Menard,5050015.00,NONE,369468.712900004,5030577.56709946
85,737,5/12/2022 5:00:00 AM,1300,2022,5/12/2022 5:00:00 AM,1300,2022,Afternoon,Thursday,4,Glebe - Dows Lake,22,Central,Ward 14 - Somerset,Ariel Troster,5050036.00,,367530.938200001,5029872.05279946
86,42901,8/3/2019 5:00:00 AM,200,2019,8/3/2019 5:00:00 AM,2200,2019,Evening,Saturday,6,Glebe - Dows Lake,22,Central,Ward 17 - Capital,Shawn Menard,5050019.00,,368113.644300002,5029324.81759946
87,9404,9/7/2019 5:00:00 AM,600,2019,9/7/2019 5:00:00 AM,400,2019,Night,Saturday,6,New Barrhaven - New Development - Stonebridge,16,West,Ward 24 - Barrhaven East,Wilson Lo,5050141.13,MAJOR,366524.700000004,5014368.43209946
88,8307,1/1/2020 5:00:00 AM,800,2020,1/1/2020 5:00:00 AM,400,2020,Night,Wednesday,3,Chapman Mills - Rideau Crest - Davidson Heights,16,West,Ward 24 - Barrhaven East,Wilson Lo,5050141.13,,366688.738900002,5014176.78709946
89,45812,1/28/2021 5:00:00 AM,1000,2021,1/28/2021 5:00:00 AM,200,2021,Night,Thursday,4,Glen Cairn - Kanata South Business Park,13,West,Ward 6 - Stittsville,Glen Gower,5050151.08,,353457.374300002,5014631.29369946
90,4501,5/9/2020 5:00:00 AM,0,2020,5/9/2020 5:00:00 AM,0,2020,Night,Saturday,6,Munster,12,West,Ward 21 - Rideau-Jock,David Brown,5050151.09,NONE,345500.529000002,5007091.39999946
91,12127,7/13/2020 5:00:00 AM,200,2020,7/13/2020 5:00:00 AM,2100,2020,Evening,Monday,1,Munster,12,West,Ward 21 - Rideau-Jock,David Brown,5050151.09,,352538.551000001,4998582.30789946
92,5919,3/30/2018 5:00:00 AM,200,2018,3/30/2018 5:00:00 AM,2100,2018,Evening,Friday,5,Katimavik - Hazeldean,13,West,Ward 4 - Kanata North,Cathy Curry,5050160.06,MAJOR,352851.394000001,5020452.58109946
93,14452,1/29/2023 5:00:00 AM,0,2023,1/29/2023 5:00:00 AM,0,2023,Night,Sunday,7,Emerald Woods - Sawmill Creek,35,East,Ward 10 - Gloucester-Southgate,Jessica Bradley,5050123.01,,371602.731000002,5023574.50989946
94,8903,5/2/2022 5:00:00 AM,200,2022,5/2/2022 5:00:00 AM,2100,2022,Evening,Monday,1,Emerald Woods - Sawmill Creek,35,East,Ward 10 - Gloucester-Southgate,Jessica Bradley,5050123.01,MINOR,372210.735100005,5022640.50299946
95,15443,10/16/2018 5:00:00 AM,1800,2018,10/16/2018 5:00:00 AM,1800,2018,Evening,Tuesday,2,Emerald Woods - Sawmill Creek,35,East,Ward 10 - Gloucester-Southgate,Jessica Bradley,5050123.01,,371636.104300002,5023302.60429946
96,10125,5/14/2021 5:00:00 AM,0,2021,5/14/2021 5:00:00 AM,0,2021,Night,Friday,5,Emerald Woods - Sawmill Creek,35,East,Ward 10 - Gloucester-Southgate,Jessica Bradley,5050123.01,MAJOR,371620.731000004,5023532.50989946
97,10515,7/14/2021 5:00:00 AM,200,2021,7/14/2021 5:00:00 AM,2000,2021,Evening,Wednesday,3,Emerald Woods - Sawmill Creek,35,East,Ward 10 - Gloucester-Southgate,Jessica Bradley,5050123.01,NONE,371536.731000003,5023407.50899946
98,15443,5/11/2022 5:00:00 AM,200,2022,5/11/2022 5:00:00 AM,2300,2022,Evening,Wednesday,3,Emerald Woods - Sawmill Creek,35,East,Ward 10 - Gloucester-Southgate,Jessica Bradley,5050123.01,,371636.104300002,5023302.60429946
99,9148,3/2/2018 5:00:00 AM,200,2018,3/2/2018 5:00:00 AM,2200,2018,Evening,Friday,5,Emerald Woods - Sawmill Creek,35,East,Ward 10 - Gloucester-Southgate,Jessica Bradley,5050123.01,,371646.732100004,5023351.50899946
100,15874,6/10/2019 5:00:00 AM,1800,2019,6/10/2019 5:00:00 AM,1800,2019,Evening,Monday,1,Emerald Woods - Sawmill Creek,35,East,Ward 10 - Gloucester-Southgate,Jessica Bradley,5050123.01,,371453.729900004,5023632.51099946
101,7037,9/26/2021 5:00:00 AM,400,2021,9/26/2021 5:00:00 AM,400,2021,Night,Sunday,7,Emerald Woods - Sawmill Creek,35,East,Ward 10 - Gloucester-Southgate,Jessica Bradley,5050123.01,NONE,372232.734000004,5023437.50899946
102,9249,2/27/2023 5:00:00 AM,200,2023,2/27/2023 5:00:00 AM,1900,2023,Evening,Monday,1,Emerald Woods - Sawmill Creek,35,East,Ward 10 - Gloucester-Southgate,Jessica Bradley,5050123.01,MAJOR,371343.692900004,5023582.96899946
103,7037,9/27/2021 5:00:00 AM,500,2021,9/27/2021 5:00:00 AM,500,2021,Night,Monday,1,Emerald Woods - Sawmill Creek,35,East,Ward 10 - Gloucester-Southgate,Jessica Bradley,5050123.01,NONE,372232.734000004,5023437.50899946
104,10431,5/1/2022 5:00:00 AM,1600,2022,5/1/2022 5:00:00 AM,1600,2022,Afternoon,Sunday,7,Rothwell Heights - Beacon Hill North,32,East,Ward 11 - Beacon Hill-Cyrville,Tim Tierney,5050120.03,,375022.721100005,5035730.59999946
105,4683,2/23/2022 5:00:00 AM,200,2022,2/23/2022 5:00:00 AM,2200,2022,Evening,Wednesday,3,Rothwell Heights - Beacon Hill North,32,East,Ward 11 - Beacon Hill-Cyrville,Tim Tierney,5050120.02,,375869.771000005,5034694.83809946
106,7483,2/24/2022 5:00:00 AM,1000,2022,2/23/2022 5:00:00 AM,2200,2022,Evening,Wednesday,3,Rothwell Heights - Beacon Hill North,32,East,Ward 11 - Beacon Hill-Cyrville,Tim Tierney,5050120.02,,375617.724100005,5035425.59509946
107,2306,8/3/2021 5:00:00 AM,800,2021,8/3/2021 5:00:00 AM,800,2021,Morning,Tuesday,2,Rothwell Heights - Beacon Hill North,32,East,Ward 11 - Beacon Hill-Cyrville,Tim Tierney,5050120.02,,376519.727900006,5035506.59209946
108,4683,10/1/2021 5:00:00 AM,500,2021,10/1/2021 5:00:00 AM,500,2021,Night,Friday,5,Rothwell Heights - Beacon Hill North,32,East,Ward 11 - Beacon Hill-Cyrville,Tim Tierney,5050120.02,,375869.771000005,5034694.83809946
109,10408,1/21/2019 5:00:00 AM,200,2019,1/21/2019 5:00:00 AM,2000,2019,Evening,Monday,1,Pineview,32,East,Ward 11 - Beacon Hill-Cyrville,Tim Tierney,5050122.02,NONE,375078.734000006,5031346.56189946
110,7768,6/23/2022 5:00:00 AM,200,2022,6/23/2022 5:00:00 AM,2300,2022,Evening,Thursday,4,Pineview,32,East,Ward 11 - Beacon Hill-Cyrville,Tim Tierney,5050122.02,,375379.735100005,5031470.56299946
111,5245,5/30/2021 5:00:00 AM,0,2021,5/30/2021 5:00:00 AM,0,2021,Night,Sunday,7,Pineview,32,East,Ward 11 - Beacon Hill-Cyrville,Tim Tierney,5050122.02,FATAL,374645.380700005,5031325.75179946
112,2428,12/22/2021 5:00:00 AM,1900,2021,12/22/2021 5:00:00 AM,1900,2021,Evening,Wednesday,3,Orléans Village - Chateauneuf,31,East,Ward 2 - Orléans West-Innes,Laura Dudas,5050125.09,MAJOR,380526.747900006,5034753.56899946
113,11431,3/16/2019 5:00:00 AM,1200,2019,3/16/2019 5:00:00 AM,1200,2019,Afternoon,Saturday,6,Orléans Village - Chateauneuf,31,East,Ward 2 - Orléans West-Innes,Laura Dudas,5050125.09,,380775.747900008,5035166.57009946
114,3138,6/12/2021 5:00:00 AM,1900,2021,6/12/2021 5:00:00 AM,1600,2021,Afternoon,Saturday,6,Orléans Village - Chateauneuf,31,East,Ward 2 - Orléans West-Innes,Laura Dudas,5050125.09,MAJOR,380383.747900008,5034666.56899946
115,10577,3/6/2018 5:00:00 AM,600,2018,3/6/2018 5:00:00 AM,300,2018,Night,Tuesday,2,Bridlewood - Emerald Meadows,13,West,Ward 23 - Kanata South,Allan Hubley,5050161.05,,355949.749000001,5015816.02409946
116,12218,9/7/2021 5:00:00 AM,1400,2021,9/7/2021 5:00:00 AM,1400,2021,Afternoon,Tuesday,2,Bridlewood - Emerald Meadows,13,West,Ward 23 - Kanata South,Allan Hubley,5050161.05,,354754.627099999,5016013.43809946
117,12218,9/6/2021 5:00:00 AM,200,2021,9/6/2021 5:00:00 AM,2200,2021,Evening,Monday,1,Bridlewood - Emerald Meadows,13,West,Ward 23 - Kanata South,Allan Hubley,5050161.05,MAJOR,354754.627099999,5016013.43809946
118,10268,7/3/2018 5:00:00 AM,200,2018,7/3/2018 5:00:00 AM,2200,2018,Evening,Tuesday,2,Hunt Club Upper -Blossom Park - Timbermill,35,East,Ward 10 - Gloucester-Southgate,Jessica Bradley,5050123.02,,372195.573100005,5024135.32799946
119,10268,8/4/2023 5:00:00 AM,200,2023,8/4/2023 5:00:00 AM,2100,2023,Evening,Friday,5,Hunt Club Upper -Blossom Park - Timbermill,35,East,Ward 10 - Gloucester-Southgate,Jessica Bradley,5050123.02,,372195.573100005,5024135.32799946
120,4321,11/22/2021 5:00:00 AM,800,2021,11/21/2021 5:00:00 AM,2200,2021,Evening,Sunday,7,Hunt Club Upper -Blossom Park - Timbermill,35,East,Ward 10 - Gloucester-Southgate,Jessica Bradley,5050123.02,,372733.004900004,5024218.70489946
121,10268,9/22/2023 5:00:00 AM,200,2023,9/22/2023 5:00:00 AM,2200,2023,Evening,Friday,5,Hunt Club Upper -Blossom Park - Timbermill,35,East,Ward 10 - Gloucester-Southgate,Jessica Bradley,5050123.02,,372195.573100005,5024135.32799946
122,6456,9/5/2022 5:00:00 AM,200,2022,9/5/2022 5:00:00 AM,2300,2022,Evening,Monday,1,Hunt Club Upper -Blossom Park - Timbermill,35,East,Ward 10 - Gloucester-Southgate,Jessica Bradley,5050123.02,MINOR,373336.740000005,5023445.50899946
123,4576,2/25/2021 5:00:00 AM,200,2021,2/25/2021 5:00:00 AM,2000,2021,Evening,Thursday,4,Briar Green - Leslie Park,15,West,Ward 8 - College,Laine Johnson,5050137.04,NONE,361122.517000001,5022352.16899946
124,6345,5/14/2021 5:00:00 AM,1900,2021,5/14/2021 5:00:00 AM,1900,2021,Evening,Friday,5,Riverside Park,34,East,Ward 16 - River,Riley Brockington,5050003.00,,368167.712900003,5026222.53209946
125,13848,8/12/2022 5:00:00 AM,500,2022,8/12/2022 5:00:00 AM,500,2022,Night,Friday,5,Riverside Park,34,East,Ward 16 - River,Riley Brockington,5050003.00,,368905.717000003,5025668.52709946
126,4310,1/15/2019 5:00:00 AM,200,2019,1/3/2019 5:00:00 AM,2300,2019,Evening,Thursday,4,Riverside Park,34,East,Ward 16 - River,Riley Brockington,5050003.00,NONE,368601.715100003,5025810.52789946
127,6345,3/23/2021 5:00:00 AM,1100,2021,9/17/2020 5:00:00 AM,300,2020,Night,Thursday,4,Riverside Park,34,East,Ward 16 - River,Riley Brockington,5050003.00,NONE,368167.712900003,5026222.53209946
128,1786,8/22/2020 5:00:00 AM,200,2020,8/22/2020 5:00:00 AM,2000,2020,Evening,Saturday,6,Riverside Park,34,East,Ward 16 - River,Riley Brockington,5050003.00,MINOR,367554.718100003,5026515.83889946
129,6345,9/18/2020 5:00:00 AM,1500,2020,9/14/2020 5:00:00 AM,1400,2020,Afternoon,Monday,1,Riverside Park,34,East,Ward 16 - River,Riley Brockington,5050003.00,NONE,368167.712900003,5026222.53209946
130,9872,8/9/2021 5:00:00 AM,1800,2021,8/9/2021 5:00:00 AM,1800,2021,Evening,Monday,1,Playfair Park - Lynda Park - Guildwood Estates,34,East,Ward 18 - Alta Vista,Marty Carr,5050007.01,MINOR,371462.724900004,5027872.54299946
131,4089,2/4/2018 5:00:00 AM,100,2018,2/4/2018 5:00:00 AM,100,2018,Night,Sunday,7,Merivale Gardens - Grenfell Glen - Pineglen - Country Place,17,West,Ward 9 - Knoxdale-Merivale,Sean Devine,5050130.01,NONE,367007.709000002,5021297.49099946
132,5295,11/12/2022 5:00:00 AM,1500,2022,11/12/2022 5:00:00 AM,1500,2022,Afternoon,Saturday,6,Merivale Gardens - Grenfell Glen - Pineglen - Country Place,17,West,Ward 9 - Knoxdale-Merivale,Sean Devine,5050130.01,MAJOR,365826.701900002,5020437.48299946
133,1858,6/10/2023 5:00:00 AM,600,2023,6/10/2023 5:00:00 AM,100,2023,Night,Saturday,6,Merivale Gardens - Grenfell Glen - Pineglen - Country Place,17,West,Ward 9 - Knoxdale-Merivale,Sean Devine,5050130.01,,366424.735500004,5020783.58029946
134,8471,10/5/2022 5:00:00 AM,200,2022,10/5/2022 5:00:00 AM,2000,2022,Evening,Wednesday,3,Orléans Queenswood Heights,31,East,Ward 1 - Orléans East-Cumberland,Matthew Luloff,5050170.03,MINOR,383056.750100007,5037933.57999946
135,1404,6/10/2023 5:00:00 AM,300,2023,6/10/2023 5:00:00 AM,100,2023,Night,Saturday,6,Byward Market,24,Central,Ward 12 - Rideau-Vanier,Stéphanie Plante,5050054.00,,367943.703000002,5032442.58599946
136,4662,2/21/2023 5:00:00 AM,100,2023,2/21/2023 5:00:00 AM,100,2023,Night,Tuesday,2,Lowertown,24,Central,Ward 12 - Rideau-Vanier,Stéphanie Plante,5050056.00,FATAL,368389.704900003,5032597.58709946
137,10558,12/18/2021 5:00:00 AM,100,2021,12/18/2021 5:00:00 AM,100,2021,Night,Saturday,6,Byward Market,24,Central,Ward 12 - Rideau-Vanier,Stéphanie Plante,5050054.00,MAJOR,368042.704100002,5032503.58709946
138,33306,5/25/2023 5:00:00 AM,200,2023,5/25/2023 5:00:00 AM,2300,2023,Evening,Thursday,4,Byward Market,24,Central,Ward 12 - Rideau-Vanier,Stéphanie Plante,5050054.00,,367866.786200002,5032275.26129946
139,1404,9/6/2021 5:00:00 AM,100,2021,9/6/2021 5:00:00 AM,0,2021,Night,Monday,1,Byward Market,24,Central,Ward 12 - Rideau-Vanier,Stéphanie Plante,5050054.00,NONE,367943.703000002,5032442.58599946
140,8276,12/22/2021 5:00:00 AM,700,2021,12/22/2021 5:00:00 AM,700,2021,Morning,Wednesday,3,Byward Market,24,Central,Ward 12 - Rideau-Vanier,Stéphanie Plante,5050054.00,MAJOR,368374.511000002,5032329.97399946
141,33306,8/26/2022 5:00:00 AM,400,2022,8/26/2022 5:00:00 AM,400,2022,Night,Friday,5,Byward Market,24,Central,Ward 12 - Rideau-Vanier,Stéphanie Plante,5050054.00,MINOR,367866.786200002,5032275.26129946
142,10559,10/18/2023 5:00:00 AM,1200,2023,10/18/2023 5:00:00 AM,1200,2023,Afternoon,Wednesday,3,Byward Market,24,Central,Ward 12 - Rideau-Vanier,Stéphanie Plante,5050054.00,,368262.704100003,5032521.58599946
143,7392,12/23/2018 5:00:00 AM,200,2018,12/23/2018 5:00:00 AM,2200,2018,Evening,Sunday,7,Byward Market,24,Central,Ward 12 - Rideau-Vanier,Stéphanie Plante,5050054.00,MINOR,368047.972100003,5032233.51999946
144,5274,10/22/2022 5:00:00 AM,300,2022,10/22/2022 5:00:00 AM,300,2022,Night,Saturday,6,Byward Market,24,Central,Ward 12 - Rideau-Vanier,Stéphanie Plante,5050054.00,MAJOR,368000.703000002,5032573.58709946
145,10558,4/22/2023 5:00:00 AM,400,2023,4/22/2023 5:00:00 AM,400,2023,Night,Saturday,6,Byward Market,24,Central,Ward 12 - Rideau-Vanier,Stéphanie Plante,5050054.00,,368042.704100002,5032503.58709946
146,6209,7/1/2019 5:00:00 AM,300,2019,7/1/2019 5:00:00 AM,300,2019,Night,Monday,1,Byward Market,24,Central,Ward 12 - Rideau-Vanier,Stéphanie Plante,5050054.00,NONE,368157.704100003,5032315.58489946
147,1404,10/23/2022 5:00:00 AM,600,2022,10/23/2022 5:00:00 AM,600,2022,Morning,Sunday,7,Byward Market,24,Central,Ward 12 - Rideau-Vanier,Stéphanie Plante,5050054.00,,367943.703000002,5032442.58599946
148,1404,5/3/2022 5:00:00 AM,0,2022,5/3/2022 5:00:00 AM,0,2022,Night,Tuesday,2,Byward Market,24,Central,Ward 12 - Rideau-Vanier,Stéphanie Plante,5050054.00,,367943.703000002,5032442.58599946
149,12861,6/7/2019 5:00:00 AM,200,2019,6/7/2019 5:00:00 AM,2100,2019,Evening,Friday,5,Byward Market,24,Central,Ward 12 - Rideau-Vanier,Stéphanie Plante,5050054.00,FATAL,367930.704100003,5032342.58489946
150,1404,10/10/2022 5:00:00 AM,200,2022,10/10/2022 5:00:00 AM,200,2022,Night,Monday,1,Byward Market,24,Central,Ward 12 - Rideau-Vanier,Stéphanie Plante,5050054.00,MAJOR,367943.703000002,5032442.58599946
151,10558,6/19/2020 5:00:00 AM,100,2020,6/19/2020 5:00:00 AM,100,2020,Night,Friday,5,Byward Market,24,Central,Ward 12 - Rideau-Vanier,Stéphanie Plante,5050054.00,MAJOR,368042.704100002,5032503.58709946
152,6358,2/11/2021 5:00:00 AM,1600,2021,2/11/2021 5:00:00 AM,1600,2021,Afternoon,Thursday,4,Byward Market,24,Central,Ward 12 - Rideau-Vanier,Stéphanie Plante,5050054.00,MAJOR,368207.454000003,5032227.18189946
153,33306,4/18/2019 5:00:00 AM,200,2019,4/18/2019 5:00:00 AM,200,2019,Night,Thursday,4,Byward Market,24,Central,Ward 12 - Rideau-Vanier,Stéphanie Plante,5050054.00,FATAL,367866.786200002,5032275.26129946
154,8276,2/1/2019 5:00:00 AM,1700,2019,2/1/2019 5:00:00 AM,1700,2019,Afternoon,Friday,5,Lowertown,24,Central,Ward 12 - Rideau-Vanier,Stéphanie Plante,5050053.00,NONE,368374.511000002,5032329.97399946
155,5996,9/21/2018 5:00:00 AM,1200,2018,9/21/2018 5:00:00 AM,1100,2018,Morning,Friday,5,Lowertown,24,Central,Ward 12 - Rideau-Vanier,Stéphanie Plante,5050053.00,,368511.706000002,5032413.58489946
156,2623,8/26/2018 5:00:00 AM,0,2018,8/26/2018 5:00:00 AM,0,2018,Night,Sunday,7,Hunt Club Woods - Quintarra - Revelstoke,35,East,Ward 16 - River,Riley Brockington,5050002.06,NONE,368281.715100002,5022891.50489946
157,12121,3/12/2018 5:00:00 AM,200,2018,3/12/2018 5:00:00 AM,2000,2018,Evening,Monday,1,Carlingwood West - Glabar Park - McKellar Heights,14,West,Ward 7 - Bay,Theresa Kavanagh,5050031.00,MINOR,361217.822700003,5025952.93129946
158,8023,2/2/2022 5:00:00 AM,200,2022,2/2/2022 5:00:00 AM,2100,2022,Evening,Wednesday,3,Woodroffe - Lincoln Heights,14,West,Ward 7 - Bay,Theresa Kavanagh,5050031.00,MINOR,361293.882300001,5026223.88009946
159,7328,2/26/2021 5:00:00 AM,1800,2021,2/26/2021 5:00:00 AM,1800,2021,Evening,Friday,5,Carlingwood West - Glabar Park - McKellar Heights,14,West,Ward 16 - River,Riley Brockington,5050025.00,MINOR,363590.692100002,5026701.53589946
160,7409,4/1/2020 5:00:00 AM,1400,2020,4/1/2020 5:00:00 AM,1400,2020,Afternoon,Wednesday,3,Ottawa South,22,Central,Ward 17 - Capital,Shawn Menard,5050020.01,NONE,367767.893800003,5027976.19859946
161,4883,8/23/2020 5:00:00 AM,1700,2020,8/23/2020 5:00:00 AM,1700,2020,Afternoon,Sunday,7,Woodvale - Craig Henry - Manordale - Estates of Arlington Woods,15,West,Ward 9 - Knoxdale-Merivale,Sean Devine,5050135.03,MAJOR,361983.681900003,5021005.48489946
162,15809,8/26/2021 5:00:00 AM,1500,2021,8/26/2021 5:00:00 AM,1500,2021,Afternoon,Thursday,4,Riverside South - Leitrim,35,East,Ward 22 - Riverside South-Findlay Creek,Steve Desroches,5050126.03,MAJOR,376188.063800006,5021348.67709946
163,6215,8/21/2021 5:00:00 AM,300,2021,8/21/2021 5:00:00 AM,300,2021,Night,Saturday,6,Riverside South - Leitrim,35,East,Ward 22 - Riverside South-Findlay Creek,Steve Desroches,5050126.03,,372980.967800004,5020081.92499946
164,7150,4/12/2023 5:00:00 AM,1900,2023,4/12/2023 5:00:00 AM,1900,2023,Evening,Wednesday,3,Riverside South - Leitrim,35,East,Ward 22 - Riverside South-Findlay Creek,Steve Desroches,5050126.03,,374010.024900005,5019208.54299946
165,3968,1/19/2018 5:00:00 AM,200,2018,1/19/2018 5:00:00 AM,2000,2018,Evening,Friday,5,Riverside South - Leitrim,35,East,Ward 22 - Riverside South-Findlay Creek,Steve Desroches,5050126.03,MAJOR,374399.493900004,5019429.13209946
166,969,6/8/2022 5:00:00 AM,200,2022,6/8/2022 5:00:00 AM,2100,2022,Evening,Wednesday,3,Riverside South - Leitrim,35,East,Ward 22 - Riverside South-Findlay Creek,Steve Desroches,5050126.03,MAJOR,373933.744900005,5020393.48709946
167,649,9/17/2023 5:00:00 AM,200,2023,9/17/2023 5:00:00 AM,2200,2023,Evening,Sunday,7,Riverside South - Leitrim,35,East,Ward 22 - Riverside South-Findlay Creek,Steve Desroches,5050126.03,,375217.957000006,5019917.58599946
168,11291,6/3/2023 5:00:00 AM,100,2023,6/3/2023 5:00:00 AM,100,2023,Night,Saturday,6,Cityview - Skyline - Fisher Heights,17,West,Ward 9 - Knoxdale-Merivale,Sean Devine,5050132.00,,364728.698100002,5024304.51589946
169,8211,1/24/2019 5:00:00 AM,200,2019,1/24/2019 5:00:00 AM,2300,2019,Evening,Thursday,4,Cityview - Skyline - Fisher Heights,17,West,Ward 9 - Knoxdale-Merivale,Sean Devine,5050132.00,MINOR,365267.700000003,5024908.52109946
170,6271,2/11/2018 5:00:00 AM,1000,2018,2/5/2018 5:00:00 AM,1300,2018,Afternoon,Monday,1,Cityview - Skyline - Fisher Heights,17,West,Ward 9 - Knoxdale-Merivale,Sean Devine,5050132.00,FATAL,365289.700000003,5025022.52189946
171,5387,11/20/2019 5:00:00 AM,800,2019,11/20/2019 5:00:00 AM,600,2019,Morning,Wednesday,3,Cityview - Skyline - Fisher Heights,17,West,Ward 9 - Knoxdale-Merivale,Sean Devine,5050132.00,MAJOR,364739.096500002,5024009.30959946
172,12573,7/23/2020 5:00:00 AM,200,2020,7/23/2020 5:00:00 AM,2300,2020,Evening,Thursday,4,Glen Cairn - Kanata South Business Park,13,West,Ward 23 - Kanata South,Allan Hubley,5050162.01,NONE,353446.620000001,5016935.44709946
173,14880,7/29/2020 5:00:00 AM,200,2020,7/29/2020 5:00:00 AM,2000,2020,Evening,Wednesday,3,Bridlewood - Emerald Meadows,13,West,Ward 23 - Kanata South,Allan Hubley,5050151.08,NONE,354701.1521,5015649.73009946
174,11103,8/13/2022 5:00:00 AM,200,2022,8/13/2022 5:00:00 AM,200,2022,Night,Saturday,6,Glen Cairn - Kanata South Business Park,13,West,Ward 23 - Kanata South,Allan Hubley,5050162.02,MINOR,353059.6181,5017267.45009946
175,11392,5/27/2018 5:00:00 AM,900,2018,5/27/2018 5:00:00 AM,900,2018,Morning,Sunday,7,Hunt Club South Industrial,17,West,Ward 9 - Knoxdale-Merivale,Sean Devine,5050130.01,,366064.704100002,5022022.49699946
176,12915,12/21/2023 5:00:00 AM,1400,2023,12/21/2023 5:00:00 AM,1400,2023,Afternoon,Thursday,4,Hunt Club South Industrial,17,West,Ward 9 - Knoxdale-Merivale,Sean Devine,5050130.01,,366150.704100002,5021836.49509946
177,12916,12/14/2021 5:00:00 AM,1900,2021,12/14/2021 5:00:00 AM,1900,2021,Evening,Tuesday,2,Hunt Club South Industrial,17,West,Ward 9 - Knoxdale-Merivale,Sean Devine,5050130.01,,366254.704900002,5021899.49589946
178,11300,7/14/2020 5:00:00 AM,900,2020,7/13/2020 5:00:00 AM,1700,2020,Afternoon,Monday,1,Hunt Club South Industrial,17,West,Ward 9 - Knoxdale-Merivale,Sean Devine,5050130.01,,366863.180000003,5022828.03209946
179,10012,1/7/2022 5:00:00 AM,1300,2022,1/7/2022 5:00:00 AM,1300,2022,Afternoon,Friday,5,Hunt Club South Industrial,17,West,Ward 9 - Knoxdale-Merivale,Sean Devine,5050130.01,,367388.339800004,5022365.06419946
180,115,4/24/2023 5:00:00 AM,1900,2023,4/24/2023 5:00:00 AM,1900,2023,Evening,Monday,1,Orléans Avalon - Notting Gate - Fallingbrook - Gardenway South,31,East,Ward 19 - Orléans South-Navan,Catherine Kitts,5050171.07,,385921.027100011,5036745.67399946
181,163,10/26/2019 5:00:00 AM,500,2019,10/26/2019 5:00:00 AM,500,2019,Night,Saturday,6,Orléans Avalon - Notting Gate - Fallingbrook - Gardenway South,31,East,Ward 19 - Orléans South-Navan,Catherine Kitts,5050171.10,MAJOR,384607.594000009,5035260.01699946
182,10770,9/18/2020 5:00:00 AM,1000,2020,9/18/2020 5:00:00 AM,1000,2020,Morning,Friday,5,Orléans Village - Chateauneuf,31,East,Ward 2 - Orléans West-Innes,Laura Dudas,5050125.05,NONE,381765.747100009,5036888.57889946
183,10906,10/4/2019 5:00:00 AM,300,2019,10/4/2019 5:00:00 AM,300,2019,Night,Friday,5,Orléans Chapel Hill,31,East,Ward 2 - Orléans West-Innes,Laura Dudas,5050125.07,,380755.744100007,5036275.57889946
184,12270,6/1/2018 5:00:00 AM,200,2018,5/31/2018 5:00:00 AM,200,2018,Night,Thursday,4,Orléans Village - Chateauneuf,31,East,Ward 2 - Orléans West-Innes,Laura Dudas,5050125.05,NONE,381315.744100008,5037215.58409946
185,10880,3/29/2019 5:00:00 AM,,2019,3/29/2019 5:00:00 AM,,2019,,Friday,5,Orléans Village - Chateauneuf,31,East,Ward 2 - Orléans West-Innes,Laura Dudas,5050125.08,,381556.751000009,5035446.56899946
186,8162,3/5/2023 5:00:00 AM,700,2023,3/5/2023 5:00:00 AM,700,2023,Morning,Sunday,7,Orléans Village - Chateauneuf,31,East,Ward 2 - Orléans West-Innes,Laura Dudas,5050125.08,MINOR,382637.755900009,5035567.56409946
187,3948,7/3/2021 5:00:00 AM,0,2021,7/2/2021 5:00:00 AM,2300,2021,Evening,Friday,5,Sandy Hill - Ottawa East,24,Central,Ward 12 - Rideau-Vanier,Stéphanie Plante,5050051.00,MAJOR,369068.751200003,5031986.47279946
188,14654,10/20/2019 5:00:00 AM,600,2019,10/20/2019 5:00:00 AM,600,2019,Morning,Sunday,7,Sandy Hill - Ottawa East,24,Central,Ward 12 - Rideau-Vanier,Stéphanie Plante,5050050.00,,368750.707900003,5031694.57809946
189,7844,8/22/2018 5:00:00 AM,400,2018,8/22/2018 5:00:00 AM,400,2018,Night,Wednesday,3,Hunt Club Park,33,East,Ward 10 - Gloucester-Southgate,Jessica Bradley,5050001.06,,373563.007000003,5025875.16209946
190,11881,2/21/2022 5:00:00 AM,1800,2022,2/21/2022 5:00:00 AM,1800,2022,Evening,Monday,1,Greenboro East,35,East,Ward 10 - Gloucester-Southgate,Jessica Bradley,5050001.05,FATAL,372676.535400005,5025829.62619946
191,5093,4/16/2018 5:00:00 AM,1200,2018,4/15/2018 5:00:00 AM,2300,2018,Evening,Sunday,7,Greenboro East,35,East,Ward 10 - Gloucester-Southgate,Jessica Bradley,5050001.06,,371775.731000002,5024703.51809946
192,7550,7/7/2018 5:00:00 AM,200,2018,7/7/2018 5:00:00 AM,2300,2018,Evening,Saturday,6,Greenboro East,35,East,Ward 10 - Gloucester-Southgate,Jessica Bradley,5050001.06,,373300.747700004,5025082.85509946
193,12495,7/5/2018 5:00:00 AM,200,2018,7/5/2018 5:00:00 AM,2300,2018,Evening,Thursday,4,Greenboro East,35,East,Ward 10 - Gloucester-Southgate,Jessica Bradley,5050001.06,NONE,372747.534000005,5025381.34299946
194,45,11/13/2018 5:00:00 AM,1900,2018,11/13/2018 5:00:00 AM,1900,2018,Evening,Tuesday,2,Greenboro East,35,East,Ward 10 - Gloucester-Southgate,Jessica Bradley,5050001.05,,372976.206000005,5025902.63889946
195,13477,4/3/2023 5:00:00 AM,300,2023,4/3/2023 5:00:00 AM,300,2023,Night,Monday,1,Greenboro East,35,East,Ward 10 - Gloucester-Southgate,Jessica Bradley,5050001.05,MAJOR,371951.731000003,5025153.52189946
196,3026,6/15/2019 5:00:00 AM,1800,2019,6/15/2019 5:00:00 AM,1800,2019,Evening,Saturday,6,Greenboro East,35,East,Ward 10 - Gloucester-Southgate,Jessica Bradley,5050001.05,MAJOR,372370.732900005,5025399.52299946
197,10786,5/27/2018 5:00:00 AM,1900,2018,5/27/2018 5:00:00 AM,1900,2018,Evening,Sunday,7,Greenboro East,35,East,Ward 10 - Gloucester-Southgate,Jessica Bradley,5050001.06,FATAL,372073.732100003,5024695.51809946
198,9598,5/25/2023 5:00:00 AM,200,2023,5/25/2023 5:00:00 AM,2300,2023,Evening,Thursday,4,Greenboro East,35,East,Ward 10 - Gloucester-Southgate,Jessica Bradley,5050001.06,,372263.732900005,5024785.51889946
199,14910,1/16/2021 5:00:00 AM,300,2021,1/16/2021 5:00:00 AM,300,2021,Night,Saturday,6,Greenboro East,35,East,Ward 10 - Gloucester-Southgate,Jessica Bradley,5050001.06,FATAL,372592.914000004,5025136.16299946
200,14910,8/30/2021 5:00:00 AM,0,2021,8/29/2021 5:00:00 AM,2100,2021,Evening,Sunday,7,Greenboro East,35,East,Ward 10 - Gloucester-Southgate,Jessica Bradley,5050001.05,MINOR,372592.914000004,5025136.16299946
201,2265,4/25/2019 5:00:00 AM,100,2019,4/25/2019 5:00:00 AM,100,2019,Night,Thursday,4,Ledbury - Heron Gate - Ridgemont - Elmwood,34,East,Ward 18 - Alta Vista,Marty Carr,5050005.00,MINOR,370425.723000004,5026497.53289946
202,2265,5/8/2018 5:00:00 AM,200,2018,5/8/2018 5:00:00 AM,2300,2018,Evening,Tuesday,2,Ledbury - Heron Gate - Ridgemont - Elmwood,34,East,Ward 18 - Alta Vista,Marty Carr,5050005.00,NONE,370425.723000004,5026497.53289946
203,7130,7/18/2022 5:00:00 AM,1500,2022,7/18/2022 5:00:00 AM,1500,2022,Afternoon,Monday,1,Billings Bridge - Alta Vista,34,East,Ward 18 - Alta Vista,Marty Carr,5050005.00,MAJOR,369725.718100003,5027527.54189946
204,35249,11/21/2018 5:00:00 AM,200,2018,11/21/2018 5:00:00 AM,2200,2018,Evening,Wednesday,3,Billings Bridge - Alta Vista,34,East,Ward 17 - Capital,Shawn Menard,5050004.00,NONE,369016.044100003,5027428.94009946
205,9340,5/15/2022 5:00:00 AM,1000,2022,5/15/2022 5:00:00 AM,1000,2022,Morning,Sunday,7,Billings Bridge - Alta Vista,34,East,Ward 18 - Alta Vista,Marty Carr,5050005.00,,369811.575500002,5027687.54909946
206,6218,8/20/2020 5:00:00 AM,200,2020,8/20/2020 5:00:00 AM,200,2020,Night,Thursday,4,Billings Bridge - Alta Vista,34,East,Ward 18 - Alta Vista,Marty Carr,5050005.00,,369422.511500004,5027763.21339946
207,8256,5/6/2021 5:00:00 AM,700,2021,5/6/2021 5:00:00 AM,700,2021,Morning,Thursday,4,Centretown,23,Central,Ward 14 - Somerset,Ariel Troster,5050039.00,,367252.704900003,5029796.56299946
208,6017,1/8/2020 5:00:00 AM,700,2020,1/8/2020 5:00:00 AM,700,2020,Morning,Wednesday,3,Centretown,23,Central,Ward 14 - Somerset,Ariel Troster,5050040.00,MAJOR,367617.249600002,5030672.87149946
209,15225,7/19/2019 5:00:00 AM,1900,2019,7/19/2019 5:00:00 AM,1800,2019,Evening,Friday,5,Centretown,23,Central,Ward 14 - Somerset,Ariel Troster,5050040.00,MINOR,367322.709600003,5030793.18769946
210,7389,11/6/2023 5:00:00 AM,1400,2023,11/6/2023 5:00:00 AM,1400,2023,Afternoon,Monday,1,Centretown,23,Central,Ward 14 - Somerset,Ariel Troster,5050038.00,,367742.664500003,5030844.06059946
211,4314,10/29/2018 5:00:00 AM,900,2018,10/29/2018 5:00:00 AM,900,2018,Morning,Monday,1,Centretown,23,Central,Ward 14 - Somerset,Ariel Troster,5050040.00,MINOR,367200.704100003,5030422.56789946
212,2628,6/10/2023 5:00:00 AM,0,2023,6/10/2023 5:00:00 AM,0,2023,Night,Saturday,6,Centretown,23,Central,Ward 14 - Somerset,Ariel Troster,5050038.00,,367502.766000003,5031002.92189946
213,13845,1/18/2018 5:00:00 AM,600,2018,1/18/2018 5:00:00 AM,500,2018,Night,Thursday,4,Centretown,23,Central,Ward 14 - Somerset,Ariel Troster,5050037.00,FATAL,368556.709000002,5030905.57099946
214,2106,7/13/2023 5:00:00 AM,1900,2023,7/13/2023 5:00:00 AM,1900,2023,Evening,Thursday,4,Centretown,23,Central,Ward 14 - Somerset,Ariel Troster,5050038.00,,367563.534200003,5031134.06259946
215,8256,3/26/2020 5:00:00 AM,200,2020,3/26/2020 5:00:00 AM,2100,2020,Evening,Thursday,4,Centretown,23,Central,Ward 14 - Somerset,Ariel Troster,5050039.00,,367252.704900003,5029796.56299946
216,6017,5/23/2019 5:00:00 AM,500,2019,5/23/2019 5:00:00 AM,500,2019,Night,Thursday,4,Centretown,23,Central,Ward 14 - Somerset,Ariel Troster,5050040.00,,367617.249600002,5030672.87149946
217,5894,6/22/2019 5:00:00 AM,,2019,6/22/2019 5:00:00 AM,,2019,,Saturday,6,Centretown,23,Central,Ward 14 - Somerset,Ariel Troster,5050038.00,,367524.7793,5031199.22719946
218,2196,12/31/2019 5:00:00 AM,200,2019,12/31/2019 5:00:00 AM,2000,2019,Evening,Tuesday,2,Centretown,23,Central,Ward 14 - Somerset,Ariel Troster,5050038.00,,367808.704900001,5031085.57399946
219,15039,6/8/2023 5:00:00 AM,1800,2023,6/8/2023 5:00:00 AM,1800,2023,Evening,Thursday,4,Centretown,23,Central,Ward 14 - Somerset,Ariel Troster,5050040.00,,367367.162900001,5030718.82269946
220,4756,8/2/2019 5:00:00 AM,900,2019,8/2/2019 5:00:00 AM,900,2019,Morning,Friday,5,Centretown,23,Central,Ward 14 - Somerset,Ariel Troster,5050037.00,NONE,367963.872100002,5031179.26469946
221,2106,10/29/2021 5:00:00 AM,1200,2021,10/29/2021 5:00:00 AM,1200,2021,Afternoon,Friday,5,Centretown,23,Central,Ward 14 - Somerset,Ariel Troster,5050038.00,MAJOR,367563.534200003,5031134.06259946
222,5050,6/2/2019 5:00:00 AM,700,2019,6/2/2019 5:00:00 AM,700,2019,Morning,Sunday,7,Centretown,23,Central,Ward 14 - Somerset,Ariel Troster,5050039.00,,367354.706000003,5029855.56299946
223,2106,12/5/2020 5:00:00 AM,1200,2020,12/5/2020 5:00:00 AM,1200,2020,Afternoon,Saturday,6,Centretown,23,Central,Ward 14 - Somerset,Ariel Troster,5050038.00,MAJOR,367563.534200003,5031134.06259946
224,15225,5/30/2019 5:00:00 AM,300,2019,5/30/2019 5:00:00 AM,200,2019,Night,Thursday,4,Centretown,23,Central,Ward 14 - Somerset,Ariel Troster,5050040.00,,367322.709600003,5030793.18769946
225,3475,1/19/2023 5:00:00 AM,1900,2023,1/19/2023 5:00:00 AM,1900,2023,Evening,Thursday,4,Centretown,23,Central,Ward 14 - Somerset,Ariel Troster,5050038.00,MINOR,367901.186200004,5030941.46799946
226,13325,7/27/2020 5:00:00 AM,1700,2020,7/27/2020 5:00:00 AM,1600,2020,Afternoon,Monday,1,Carson Grove - Carson Meadows,32,East,Ward 13 - Rideau-Rockcliffe,Rawlson King,5050062.01,FATAL,372741.361600004,5034102.57509946
227,12100,5/26/2021 5:00:00 AM,200,2021,5/26/2021 5:00:00 AM,2000,2021,Evening,Wednesday,3,Cummings,32,East,Ward 11 - Beacon Hill-Cyrville,Tim Tierney,5050122.03,FATAL,373748.726000003,5032387.57399946
228,6392,6/14/2021 5:00:00 AM,0,2021,6/14/2021 5:00:00 AM,0,2021,Night,Monday,1,Cummings,32,East,Ward 11 - Beacon Hill-Cyrville,Tim Tierney,5050122.03,MAJOR,373791.724900004,5032732.57699946
229,9013,8/6/2023 5:00:00 AM,0,2023,8/6/2023 5:00:00 AM,0,2023,Night,Sunday,7,Carson Grove - Carson Meadows,32,East,Ward 13 - Rideau-Rockcliffe,Rawlson King,5050062.01,,372952.718100005,5033972.58989946
230,4113,11/27/2018 5:00:00 AM,1500,2018,11/10/2018 5:00:00 AM,400,2018,Night,Saturday,6,Carson Grove - Carson Meadows,32,East,Ward 13 - Rideau-Rockcliffe,Rawlson King,5050062.01,NONE,373256.718900004,5034045.58989946
231,2452,3/7/2021 5:00:00 AM,1200,2021,3/7/2021 5:00:00 AM,1200,2021,Afternoon,Sunday,7,Richmond,12,West,Ward 21 - Rideau-Jock,David Brown,5050151.09,FATAL,358676.618900001,5003930.32489946
232,6381,3/12/2018 5:00:00 AM,1100,2018,3/9/2018 5:00:00 AM,1200,2018,Afternoon,Friday,5,Richmond,12,West,Ward 21 - Rideau-Jock,David Brown,5050141.14,NONE,361949.6581,5008824.37289946
233,1320,12/29/2020 5:00:00 AM,600,2020,12/29/2020 5:00:00 AM,600,2020,Morning,Tuesday,2,Corkery,11,West,Ward 5 - West Carleton-March,Clarke Kelly,5050300.00,,342293.518100001,5013480.45209946
234,1416,3/19/2021 5:00:00 AM,1200,2021,3/19/2021 5:00:00 AM,1200,2021,Afternoon,Friday,5,Corkery,11,West,Ward 5 - West Carleton-March,Clarke Kelly,5050151.09,,339100.477,5006629.45289946
235,9025,8/25/2019 5:00:00 AM,1300,2019,8/24/2019 5:00:00 AM,1800,2019,Evening,Saturday,6,Osgoode,36,East,Ward 20 - Osgoode,George Darouze,5050191.02,,378113.738100005,5003640.35589946
236,10663,8/11/2021 5:00:00 AM,1900,2021,8/11/2021 5:00:00 AM,1900,2021,Evening,Wednesday,3,Osgoode,36,East,Ward 20 - Osgoode,George Darouze,5050191.01,,375930.738100005,5007700.38899946
237,4373,10/20/2019 5:00:00 AM,500,2019,10/20/2019 5:00:00 AM,500,2019,Night,Sunday,7,Borden Farm - Stewart Farm - Parkwood Hills - Fisher Glen,17,West,Ward 9 - Knoxdale-Merivale,Sean Devine,5050131.02,MAJOR,366010.7041,5024369.51589946
238,12069,9/24/2021 5:00:00 AM,0,2021,9/24/2021 5:00:00 AM,0,2021,Night,Friday,5,Whitehaven - Queensway Terrace North,14,West,Ward 7 - Bay,Theresa Kavanagh,5050028.00,MINOR,359958.912100002,5023772.65889946
239,12880,12/17/2023 5:00:00 AM,1400,2023,12/17/2023 5:00:00 AM,1400,2023,Afternoon,Sunday,7,Whitehaven - Queensway Terrace North,14,West,Ward 7 - Bay,Theresa Kavanagh,5050029.00,,359558.671000002,5024103.51209946
240,11626,8/21/2020 5:00:00 AM,100,2020,8/21/2020 5:00:00 AM,0,2020,Night,Friday,5,Whitehaven - Queensway Terrace North,14,West,Ward 7 - Bay,Theresa Kavanagh,5050029.00,FATAL,359944.677000001,5024259.01059946
241,6814,9/18/2023 5:00:00 AM,0,2023,9/18/2023 5:00:00 AM,0,2023,Night,Monday,1,Whitehaven - Queensway Terrace North,14,West,Ward 7 - Bay,Theresa Kavanagh,5050028.00,,360123.895100002,5023334.48709946
242,6814,9/18/2023 5:00:00 AM,1800,2023,9/18/2023 5:00:00 AM,900,2023,Morning,Monday,1,Whitehaven - Queensway Terrace North,14,West,Ward 7 - Bay,Theresa Kavanagh,5050028.00,,360123.895100002,5023334.48709946
243,12880,8/5/2020 5:00:00 AM,700,2020,8/5/2020 5:00:00 AM,700,2020,Morning,Wednesday,3,Whitehaven - Queensway Terrace North,14,West,Ward 7 - Bay,Theresa Kavanagh,5050029.00,NONE,359558.671000002,5024103.51209946
244,7258,6/29/2020 5:00:00 AM,200,2020,6/29/2020 5:00:00 AM,2100,2020,Evening,Monday,1,Whitehaven - Queensway Terrace North,14,West,Ward 7 - Bay,Theresa Kavanagh,5050028.00,NONE,360220.707700002,5023371.53939946
245,12880,6/19/2023 5:00:00 AM,200,2023,6/19/2023 5:00:00 AM,2000,2023,Evening,Monday,1,Whitehaven - Queensway Terrace North,14,West,Ward 7 - Bay,Theresa Kavanagh,5050029.00,,359558.671000002,5024103.51209946
246,5203,7/28/2020 5:00:00 AM,400,2020,7/28/2020 5:00:00 AM,400,2020,Night,Tuesday,2,Whitehaven - Queensway Terrace North,14,West,Ward 7 - Bay,Theresa Kavanagh,5050028.00,NONE,360127.621000002,5024325.28249946
247,7258,1/5/2019 5:00:00 AM,400,2019,1/5/2019 5:00:00 AM,400,2019,Night,Saturday,6,Whitehaven - Queensway Terrace North,14,West,Ward 7 - Bay,Theresa Kavanagh,5050028.00,NONE,360220.707700002,5023371.53939946
248,12764,9/18/2023 5:00:00 AM,900,2023,9/18/2023 5:00:00 AM,900,2023,Morning,Monday,1,Whitehaven - Queensway Terrace North,14,West,Ward 7 - Bay,Theresa Kavanagh,5050028.00,,360218.930999999,5023567.32109946
249,6814,11/1/2023 5:00:00 AM,800,2023,11/1/2023 5:00:00 AM,700,2023,Morning,Wednesday,3,Whitehaven - Queensway Terrace North,14,West,Ward 7 - Bay,Theresa Kavanagh,5050028.00,,360123.895100002,5023334.48709946
250,7258,9/27/2021 5:00:00 AM,1800,2021,9/27/2021 5:00:00 AM,1800,2021,Evening,Monday,1,Whitehaven - Queensway Terrace North,14,West,Ward 7 - Bay,Theresa Kavanagh,5050028.00,,360220.707700002,5023371.53939946
251,7255,5/25/2018 5:00:00 AM,200,2018,5/25/2018 5:00:00 AM,2200,2018,Evening,Friday,5,Whitehaven - Queensway Terrace North,14,West,Ward 7 - Bay,Theresa Kavanagh,5050029.00,MAJOR,359528.370300001,5024413.96429946
252,7258,7/10/2019 5:00:00 AM,600,2019,7/10/2019 5:00:00 AM,500,2019,Night,Wednesday,3,Whitehaven - Queensway Terrace North,14,West,Ward 7 - Bay,Theresa Kavanagh,5050028.00,NONE,360220.707700002,5023371.53939946
253,6255,7/13/2021 5:00:00 AM,500,2021,7/13/2021 5:00:00 AM,500,2021,Night,Tuesday,2,Hawthorne Meadows - Sheffield Glen,33,East,Ward 18 - Alta Vista,Marty Carr,5050010.00,NONE,373800.548700003,5029100.07909946
254,6255,5/5/2018 5:00:00 AM,300,2018,5/5/2018 5:00:00 AM,300,2018,Night,Saturday,6,Hawthorne Meadows - Sheffield Glen,33,East,Ward 18 - Alta Vista,Marty Carr,5050010.00,NONE,373800.548700003,5029100.07909946
255,9160,5/24/2023 5:00:00 AM,1700,2023,5/24/2023 5:00:00 AM,1700,2023,Afternoon,Wednesday,3,Hawthorne Meadows - Sheffield Glen,33,East,Ward 18 - Alta Vista,Marty Carr,5050010.00,,374155.735900006,5028299.54189946
256,6255,1/24/2018 5:00:00 AM,200,2018,1/24/2018 5:00:00 AM,2300,2018,Evening,Wednesday,3,Hawthorne Meadows - Sheffield Glen,33,East,Ward 18 - Alta Vista,Marty Carr,5050010.00,MAJOR,373800.548700003,5029100.07909946
257,7659,9/16/2021 5:00:00 AM,200,2021,9/16/2021 5:00:00 AM,2100,2021,Evening,Thursday,4,Hawthorne Meadows - Sheffield Glen,33,East,Ward 18 - Alta Vista,Marty Carr,5050010.00,NONE,374458.197100005,5028634.35969946
258,6255,6/7/2022 5:00:00 AM,200,2022,6/7/2022 5:00:00 AM,2000,2022,Evening,Tuesday,2,Hawthorne Meadows - Sheffield Glen,33,East,Ward 18 - Alta Vista,Marty Carr,5050010.00,,373800.548700003,5029100.07909946
259,8427,5/5/2018 5:00:00 AM,1700,2018,5/5/2018 5:00:00 AM,1700,2018,Afternoon,Saturday,6,Hawthorne Meadows - Sheffield Glen,33,East,Ward 18 - Alta Vista,Marty Carr,5050010.00,NONE,373685.948600004,5028888.48309946
260,5272,9/23/2019 5:00:00 AM,0,2019,9/23/2019 5:00:00 AM,0,2019,Night,Monday,1,Hawthorne Meadows - Sheffield Glen,33,East,Ward 18 - Alta Vista,Marty Carr,5050010.00,NONE,373498.732100004,5029149.54899946
261,13389,9/19/2022 5:00:00 AM,1800,2022,9/19/2022 5:00:00 AM,1800,2022,Evening,Monday,1,CFB Rockcliffe-NRC,32,East,Ward 13 - Rideau-Rockcliffe,Rawlson King,5050060.00,,371754.712900002,5034344.59699946
262,9730,1/10/2018 5:00:00 AM,1900,2018,1/10/2018 5:00:00 AM,1900,2018,Evening,Wednesday,3,Rockcliffe - Manor Park,25,Central,Ward 13 - Rideau-Rockcliffe,Rawlson King,5050059.00,,371100.709000003,5034891.60409946
263,12146,3/25/2020 5:00:00 AM,1500,2020,3/25/2020 5:00:00 AM,1100,2020,Morning,Wednesday,3,Carleton Heights - Rideauview,17,West,Ward 16 - River,Riley Brockington,5050020.01,,366849.824100003,5025638.29099946
264,8705,3/31/2018 5:00:00 AM,200,2018,3/31/2018 5:00:00 AM,2000,2018,Evening,Saturday,6,Carleton Heights - Rideauview,17,West,Ward 16 - River,Riley Brockington,5050020.01,,367041.707900002,5025860.52899946
265,8438,12/28/2019 5:00:00 AM,500,2019,12/28/2019 5:00:00 AM,500,2019,Night,Saturday,6,Carleton Heights - Rideauview,17,West,Ward 16 - River,Riley Brockington,5050020.01,,367215.159300003,5025588.92829946
266,8438,12/7/2019 5:00:00 AM,1900,2019,12/7/2019 5:00:00 AM,1900,2019,Evening,Saturday,6,Carleton Heights - Rideauview,17,West,Ward 16 - River,Riley Brockington,5050020.01,,367215.159300003,5025588.92829946
267,6013,9/2/2023 5:00:00 AM,200,2023,9/2/2023 5:00:00 AM,2200,2023,Evening,Saturday,6,Hunt Club - Ottawa Airport,35,East,Ward 10 - Gloucester-Southgate,Jessica Bradley,5050127.00,,370029.761900004,5022883.40899946
268,12675,5/18/2021 5:00:00 AM,600,2021,5/18/2021 5:00:00 AM,500,2021,Night,Tuesday,2,Hunt Club - Ottawa Airport,35,East,Ward 10 - Gloucester-Southgate,Jessica Bradley,5050002.06,UNKNOWN,368809.437000003,5022148.30709946
269,4661,1/31/2019 5:00:00 AM,200,2019,1/31/2019 5:00:00 AM,2000,2019,Evening,Thursday,4,Cummings,32,East,Ward 11 - Beacon Hill-Cyrville,Tim Tierney,5050122.03,MAJOR,373014.728500004,5032119.54829946
270,251,6/17/2023 5:00:00 AM,900,2023,6/17/2023 5:00:00 AM,900,2023,Morning,Saturday,6,Overbrook - McArthur,25,Central,Ward 13 - Rideau-Rockcliffe,Rawlson King,5050013.00,,370423.712100003,5032510.58299946
271,9192,10/18/2020 5:00:00 AM,200,2020,10/18/2020 5:00:00 AM,2200,2020,Evening,Sunday,7,Overbrook - McArthur,25,Central,Ward 13 - Rideau-Rockcliffe,Rawlson King,5050012.00,MINOR,371360.715900005,5032388.57999946
272,1755,2/1/2018 5:00:00 AM,1800,2018,2/1/2018 5:00:00 AM,1800,2018,Evening,Thursday,4,Overbrook - McArthur,25,Central,Ward 13 - Rideau-Rockcliffe,Rawlson King,5050012.00,,371325.717000004,5032137.57809946
273,2594,8/30/2019 5:00:00 AM,100,2019,8/30/2019 5:00:00 AM,100,2019,Night,Friday,5,Overbrook - McArthur,25,Central,Ward 13 - Rideau-Rockcliffe,Rawlson King,5050013.00,,370744.715100003,5031929.57699946
274,13357,12/11/2023 5:00:00 AM,700,2023,12/11/2023 5:00:00 AM,700,2023,Morning,Monday,1,CFB Rockcliffe-NRC,32,East,Ward 13 - Rideau-Rockcliffe,Rawlson King,5050061.00,,371594.359800004,5033694.14259946
275,13525,7/2/2023 5:00:00 AM,200,2023,7/1/2023 5:00:00 AM,2100,2023,Evening,Saturday,6,Overbrook - McArthur,25,Central,Ward 13 - Rideau-Rockcliffe,Rawlson King,5050012.00,,371512.717000004,5032232.57809946
276,4495,3/3/2018 5:00:00 AM,200,2018,3/3/2018 5:00:00 AM,100,2018,Night,Saturday,6,Overbrook - McArthur,25,Central,Ward 13 - Rideau-Rockcliffe,Rawlson King,5050013.00,MAJOR,370994.820300003,5031848.36109946
277,11129,6/10/2020 5:00:00 AM,800,2020,6/9/2020 5:00:00 AM,2000,2020,Evening,Tuesday,2,Cummings,32,East,Ward 13 - Rideau-Rockcliffe,Rawlson King,5050061.00,,372336.718100002,5033017.58299946
278,12329,1/15/2022 5:00:00 AM,200,2022,1/15/2022 5:00:00 AM,2200,2022,Evening,Saturday,6,Overbrook - McArthur,25,Central,Ward 13 - Rideau-Rockcliffe,Rawlson King,5050012.00,MAJOR,371129.715900003,5032044.57699946
279,11132,7/5/2023 5:00:00 AM,0,2023,7/5/2023 5:00:00 AM,0,2023,Night,Wednesday,3,Cummings,32,East,Ward 11 - Beacon Hill-Cyrville,Tim Tierney,5050012.00,,372217.870800002,5032177.97189946
280,9558,1/12/2019 5:00:00 AM,700,2019,1/12/2019 5:00:00 AM,700,2019,Morning,Saturday,6,Overbrook - McArthur,25,Central,Ward 13 - Rideau-Rockcliffe,Rawlson King,5050013.00,NONE,370735.715100003,5031998.57809946
281,1077,1/5/2018 5:00:00 AM,1900,2018,1/5/2018 5:00:00 AM,1900,2018,Evening,Friday,5,Overbrook - McArthur,25,Central,Ward 13 - Rideau-Rockcliffe,Rawlson King,5050012.00,,371527.717000004,5032159.57699946
282,2662,3/5/2022 5:00:00 AM,1800,2022,3/5/2022 5:00:00 AM,1800,2022,Evening,Saturday,6,Overbrook - McArthur,25,Central,Ward 13 - Rideau-Rockcliffe,Rawlson King,5050012.00,NONE,371200.957000004,5032202.81999946
283,7662,5/1/2020 5:00:00 AM,200,2020,5/1/2020 5:00:00 AM,2200,2020,Evening,Friday,5,Cummings,32,East,Ward 11 - Beacon Hill-Cyrville,Tim Tierney,5050122.01,MAJOR,372564.721100003,5032241.57589946
284,2662,2/27/2023 5:00:00 AM,200,2023,2/27/2023 5:00:00 AM,2000,2023,Evening,Monday,1,Overbrook - McArthur,25,Central,Ward 13 - Rideau-Rockcliffe,Rawlson King,5050012.00,,371200.957000004,5032202.81999946
285,10176,7/22/2021 5:00:00 AM,,2021,7/22/2021 5:00:00 AM,,2021,,Thursday,4,Cummings,32,East,Ward 13 - Rideau-Rockcliffe,Rawlson King,5050061.00,NONE,371947.715100003,5033628.58989946
286,12329,11/8/2018 5:00:00 AM,1800,2018,11/8/2018 5:00:00 AM,1800,2018,Evening,Thursday,4,Overbrook - McArthur,25,Central,Ward 13 - Rideau-Rockcliffe,Rawlson King,5050013.00,,371129.715900003,5032044.57699946
287,6221,4/3/2021 5:00:00 AM,1700,2021,4/3/2021 5:00:00 AM,1700,2021,Afternoon,Saturday,6,Overbrook - McArthur,25,Central,Ward 13 - Rideau-Rockcliffe,Rawlson King,5050012.00,NONE,372080.734700003,5031933.45589946
288,7837,9/30/2023 5:00:00 AM,200,2023,9/30/2023 5:00:00 AM,200,2023,Night,Saturday,6,East Industrial,33,East,Ward 18 - Alta Vista,Marty Carr,5050011.01,,372349.838300004,5030664.10589946
289,5346,10/7/2023 5:00:00 AM,1900,2023,10/7/2023 5:00:00 AM,1900,2023,Evening,Saturday,6,Overbrook - McArthur,25,Central,Ward 13 - Rideau-Rockcliffe,Rawlson King,5050012.00,,371179.715900005,5032368.57999946
290,3891,12/24/2020 5:00:00 AM,1400,2020,12/24/2020 5:00:00 AM,1400,2020,Afternoon,Thursday,4,Cummings,32,East,Ward 11 - Beacon Hill-Cyrville,Tim Tierney,5050122.01,,372412.720000004,5032504.57889946
291,5654,11/24/2020 5:00:00 AM,1300,2020,11/24/2020 5:00:00 AM,1300,2020,Afternoon,Tuesday,2,Cummings,32,East,Ward 11 - Beacon Hill-Cyrville,Tim Tierney,5050122.01,,372453.721100005,5032005.57399946
292,1759,10/2/2021 5:00:00 AM,200,2021,10/2/2021 5:00:00 AM,2300,2021,Evening,Saturday,6,Overbrook - McArthur,25,Central,Ward 13 - Rideau-Rockcliffe,Rawlson King,5050012.00,NONE,371535.718100004,5032089.57699946
293,12329,7/2/2019 5:00:00 AM,200,2019,7/2/2019 5:00:00 AM,2100,2019,Evening,Tuesday,2,Overbrook - McArthur,25,Central,Ward 13 - Rideau-Rockcliffe,Rawlson King,5050013.00,MAJOR,371129.715900003,5032044.57699946
294,1842,6/1/2020 5:00:00 AM,1700,2020,6/1/2020 5:00:00 AM,1700,2020,Afternoon,Monday,1,Overbrook - McArthur,25,Central,Ward 13 - Rideau-Rockcliffe,Rawlson King,5050013.00,MINOR,370900.715100003,5032336.57999946
295,9460,9/23/2023 5:00:00 AM,200,2023,9/23/2023 5:00:00 AM,2300,2023,Evening,Saturday,6,Overbrook - McArthur,25,Central,Ward 13 - Rideau-Rockcliffe,Rawlson King,5050013.00,,370737.715100003,5031787.57589946
296,7837,7/5/2023 5:00:00 AM,1100,2023,7/2/2023 5:00:00 AM,200,2023,Night,Sunday,7,East Industrial,33,East,Ward 18 - Alta Vista,Marty Carr,5050011.01,,372349.838300004,5030664.10589946
297,9039,3/26/2021 5:00:00 AM,1900,2021,3/26/2021 5:00:00 AM,1900,2021,Evening,Friday,5,Overbrook - McArthur,25,Central,Ward 13 - Rideau-Rockcliffe,Rawlson King,5050012.00,,372120.720000002,5032152.57589946
298,10239,9/2/2019 5:00:00 AM,1400,2019,9/2/2019 5:00:00 AM,1400,2019,Afternoon,Monday,1,Overbrook - McArthur,25,Central,Ward 13 - Rideau-Rockcliffe,Rawlson King,5050012.00,,372093.718900004,5032472.57889946
299,2662,5/15/2019 5:00:00 AM,200,2019,5/15/2019 5:00:00 AM,2100,2019,Evening,Wednesday,3,Overbrook - McArthur,25,Central,Ward 13 - Rideau-Rockcliffe,Rawlson King,5050012.00,,371200.957000004,5032202.81999946
300,12001,10/5/2019 5:00:00 AM,200,2019,10/5/2019 5:00:00 AM,2300,2019,Evening,Saturday,6,Bayshore,14,West,Ward 7 - Bay,Theresa Kavanagh,5050138.00,,358889.807900002,5023215.22489946
301,3661,8/8/2019 5:00:00 AM,0,2019,8/8/2019 5:00:00 AM,0,2019,Night,Thursday,4,Britannia Village,14,West,Ward 7 - Bay,Theresa Kavanagh,5050029.00,MINOR,359555.489000001,5024438.92409946
302,7303,10/16/2018 5:00:00 AM,100,2018,10/16/2018 5:00:00 AM,0,2018,Night,Tuesday,2,Bayshore,14,West,Ward 7 - Bay,Theresa Kavanagh,5050138.00,MAJOR,359591.847900002,5023346.69399946
303,5617,8/24/2019 5:00:00 AM,400,2019,8/24/2019 5:00:00 AM,400,2019,Night,Saturday,6,Bayshore,14,West,Ward 7 - Bay,Theresa Kavanagh,5050138.00,MAJOR,359210.669,5024119.51209946
304,6157,4/15/2020 5:00:00 AM,200,2020,4/15/2020 5:00:00 AM,2300,2020,Evening,Wednesday,3,Bayshore,14,West,Ward 7 - Bay,Theresa Kavanagh,5050138.00,,359142.416500002,5023738.96119946
305,20191,10/8/2021 5:00:00 AM,200,2021,10/8/2021 5:00:00 AM,2200,2021,Evening,Friday,5,Bayshore,14,West,Ward 7 - Bay,Theresa Kavanagh,5050138.00,,358675.968500001,5023773.63859946
306,9185,7/27/2020 5:00:00 AM,0,2020,7/27/2020 5:00:00 AM,0,2020,Night,Monday,1,Bayshore,14,West,Ward 7 - Bay,Theresa Kavanagh,5050138.00,NONE,359068.741600002,5023874.64459946
307,11823,6/29/2020 5:00:00 AM,200,2020,6/29/2020 5:00:00 AM,2000,2020,Evening,Monday,1,Bayshore,14,West,Ward 7 - Bay,Theresa Kavanagh,5050029.00,MINOR,359349.669900001,5024210.51209946
308,3661,7/29/2020 5:00:00 AM,100,2020,7/29/2020 5:00:00 AM,100,2020,Night,Wednesday,3,Britannia Village,14,West,Ward 7 - Bay,Theresa Kavanagh,5050029.00,,359555.489000001,5024438.92409946
309,3661,7/6/2022 5:00:00 AM,1300,2022,7/6/2022 5:00:00 AM,1300,2022,Afternoon,Wednesday,3,Britannia Village,14,West,Ward 7 - Bay,Theresa Kavanagh,5050029.00,MAJOR,359555.489000001,5024438.92409946
310,3661,7/25/2020 5:00:00 AM,200,2020,7/25/2020 5:00:00 AM,2300,2020,Evening,Saturday,6,Britannia Village,14,West,Ward 7 - Bay,Theresa Kavanagh,5050029.00,NONE,359555.489000001,5024438.92409946
311,3661,6/22/2019 5:00:00 AM,1600,2019,6/22/2019 5:00:00 AM,1600,2019,Afternoon,Saturday,6,Britannia Village,14,West,Ward 7 - Bay,Theresa Kavanagh,5050029.00,MAJOR,359555.489000001,5024438.92409946
312,3661,10/29/2018 5:00:00 AM,200,2018,10/29/2018 5:00:00 AM,2300,2018,Evening,Monday,1,Britannia Village,14,West,Ward 7 - Bay,Theresa Kavanagh,5050029.00,MAJOR,359555.489000001,5024438.92409946
313,3661,1/14/2019 5:00:00 AM,200,2019,1/14/2019 5:00:00 AM,2000,2019,Evening,Monday,1,Britannia Village,14,West,Ward 7 - Bay,Theresa Kavanagh,5050029.00,MAJOR,359555.489000001,5024438.92409946
314,10642,9/8/2021 5:00:00 AM,1400,2021,8/18/2021 5:00:00 AM,0,2021,Night,Wednesday,3,New Barrhaven - New Development - Stonebridge,16,West,Ward 24 - Barrhaven East,Wilson Lo,5050141.10,,365409.384100003,5015667.40489946
315,12613,10/20/2018 5:00:00 AM,900,2018,10/20/2018 5:00:00 AM,100,2018,Night,Saturday,6,Barrhaven,16,West,Ward 3 - Barrhaven West,David Hill,5050140.05,,363746.684899999,5015016.43399946
316,9090,10/8/2019 5:00:00 AM,1800,2019,10/8/2019 5:00:00 AM,1800,2019,Evening,Tuesday,2,Hunt Club Park,33,East,Ward 10 - Gloucester-Southgate,Jessica Bradley,5050001.07,MAJOR,375045.401100003,5026242.21399946
317,433,7/2/2018 5:00:00 AM,200,2018,7/2/2018 5:00:00 AM,100,2018,Night,Monday,1,Hunt Club Park,33,East,Ward 10 - Gloucester-Southgate,Jessica Bradley,5050001.07,MAJOR,375084.499900005,5026264.87499946
318,6673,11/27/2019 5:00:00 AM,1600,2019,11/27/2019 5:00:00 AM,1600,2019,Afternoon,Wednesday,3,Hunt Club Park,33,East,Ward 10 - Gloucester-Southgate,Jessica Bradley,5050001.07,FATAL,373975.221900004,5025768.62899946
319,1877,3/22/2018 5:00:00 AM,100,2018,3/22/2018 5:00:00 AM,100,2018,Night,Thursday,4,Hunt Club Park,33,East,Ward 10 - Gloucester-Southgate,Jessica Bradley,5050001.08,MAJOR,374469.741100005,5026538.52899946
320,9372,11/29/2018 5:00:00 AM,200,2018,11/29/2018 5:00:00 AM,2200,2018,Evening,Thursday,4,Hunt Club Park,33,East,Ward 10 - Gloucester-Southgate,Jessica Bradley,5050001.07,MAJOR,374173.741100003,5025882.52489946
321,11938,5/24/2019 5:00:00 AM,0,2019,5/23/2019 5:00:00 AM,2300,2019,Evening,Thursday,4,Hunt Club Park,33,East,Ward 10 - Gloucester-Southgate,Jessica Bradley,5050001.08,,375271.744900006,5026437.52709946
322,2189,5/15/2021 5:00:00 AM,1300,2021,5/15/2021 5:00:00 AM,1300,2021,Afternoon,Saturday,6,Hunt Club Park,33,East,Ward 10 - Gloucester-Southgate,Jessica Bradley,5050001.07,,373752.738100004,5026181.52709946
323,3720,7/13/2019 5:00:00 AM,200,2019,7/13/2019 5:00:00 AM,2000,2019,Evening,Saturday,6,Hunt Club Park,33,East,Ward 10 - Gloucester-Southgate,Jessica Bradley,5050001.07,MINOR,373959.470100006,5025809.61509946
324,11938,6/21/2018 5:00:00 AM,200,2018,6/21/2018 5:00:00 AM,2200,2018,Evening,Thursday,4,Hunt Club Park,33,East,Ward 10 - Gloucester-Southgate,Jessica Bradley,5050001.08,MINOR,375271.744900006,5026437.52709946
325,10745,7/21/2022 5:00:00 AM,200,2022,7/21/2022 5:00:00 AM,2200,2022,Evening,Thursday,4,Hunt Club Park,33,East,Ward 10 - Gloucester-Southgate,Jessica Bradley,5050001.08,MAJOR,373775.738100005,5026287.52789946
326,3030,10/8/2023 5:00:00 AM,200,2023,10/8/2023 5:00:00 AM,2300,2023,Evening,Sunday,7,Hunt Club Park,33,East,Ward 10 - Gloucester-Southgate,Jessica Bradley,5050001.07,,373876.738900005,5026254.52789946
327,461,9/14/2019 5:00:00 AM,300,2019,9/14/2019 5:00:00 AM,300,2019,Night,Saturday,6,Hunt Club Park,33,East,Ward 10 - Gloucester-Southgate,Jessica Bradley,5050001.07,,373684.738100005,5025945.52599946
328,9090,9/25/2018 5:00:00 AM,200,2018,9/25/2018 5:00:00 AM,2100,2018,Evening,Tuesday,2,Hunt Club Park,33,East,Ward 10 - Gloucester-Southgate,Jessica Bradley,5050001.07,MINOR,375045.401100003,5026242.21399946
329,2361,12/27/2019 5:00:00 AM,700,2019,12/27/2019 5:00:00 AM,400,2019,Night,Friday,5,Lowertown,24,Central,Ward 12 - Rideau-Vanier,Stéphanie Plante,5050056.00,,368601.704900002,5032846.58899946
330,5502,7/6/2019 5:00:00 AM,600,2019,7/6/2019 5:00:00 AM,400,2019,Night,Saturday,6,Lowertown,24,Central,Ward 12 - Rideau-Vanier,Stéphanie Plante,5050056.00,,368516.704100003,5032987.59099946
331,2361,8/10/2021 5:00:00 AM,200,2021,8/10/2021 5:00:00 AM,2200,2021,Evening,Tuesday,2,Lowertown,24,Central,Ward 12 - Rideau-Vanier,Stéphanie Plante,5050056.00,FATAL,368601.704900002,5032846.58899946
332,2361,7/26/2019 5:00:00 AM,200,2019,7/26/2019 5:00:00 AM,100,2019,Night,Friday,5,Lowertown,24,Central,Ward 12 - Rideau-Vanier,Stéphanie Plante,5050056.00,NONE,368601.704900002,5032846.58899946
333,2361,1/8/2021 5:00:00 AM,200,2021,1/8/2021 5:00:00 AM,2300,2021,Evening,Friday,5,Lowertown,24,Central,Ward 12 - Rideau-Vanier,Stéphanie Plante,5050056.00,,368601.704900002,5032846.58899946
334,41302,7/5/2021 5:00:00 AM,100,2021,7/4/2021 5:00:00 AM,100,2021,Night,Sunday,7,Lowertown,24,Central,Ward 12 - Rideau-Vanier,Stéphanie Plante,5050053.00,MAJOR,368822.560900001,5032743.35919946
335,2361,5/30/2019 5:00:00 AM,200,2019,5/30/2019 5:00:00 AM,2300,2019,Evening,Thursday,4,Lowertown,24,Central,Ward 12 - Rideau-Vanier,Stéphanie Plante,5050056.00,MAJOR,368601.704900002,5032846.58899946
336,872,10/11/2022 5:00:00 AM,1500,2022,10/11/2022 5:00:00 AM,1500,2022,Afternoon,Tuesday,2,Lowertown,24,Central,Ward 12 - Rideau-Vanier,Stéphanie Plante,5050056.00,,368447.704100004,5033226.59289946
337,5502,2/18/2023 5:00:00 AM,200,2023,2/18/2023 5:00:00 AM,2200,2023,Evening,Saturday,6,Lowertown,24,Central,Ward 12 - Rideau-Vanier,Stéphanie Plante,5050056.00,,368516.704100003,5032987.59099946
338,9566,7/17/2023 5:00:00 AM,1500,2023,7/17/2023 5:00:00 AM,1500,2023,Afternoon,Monday,1,Lowertown,24,Central,Ward 12 - Rideau-Vanier,Stéphanie Plante,5050056.00,,368357.593600002,5033014.81969946
339,2342,7/17/2023 5:00:00 AM,1600,2023,7/17/2023 5:00:00 AM,1600,2023,Afternoon,Monday,1,Lowertown,24,Central,Ward 12 - Rideau-Vanier,Stéphanie Plante,5050056.00,,368436.704100002,5032843.58899946
340,2361,3/15/2021 5:00:00 AM,200,2021,3/15/2021 5:00:00 AM,2200,2021,Evening,Monday,1,Lowertown,24,Central,Ward 12 - Rideau-Vanier,Stéphanie Plante,5050056.00,NONE,368601.704900002,5032846.58899946
341,481,7/16/2022 5:00:00 AM,200,2022,7/15/2022 5:00:00 AM,2300,2022,Evening,Friday,5,Lowertown,24,Central,Ward 12 - Rideau-Vanier,Stéphanie Plante,5050056.00,FATAL,368482.704900003,5032771.58789946
342,10265,2/14/2023 5:00:00 AM,1800,2023,2/14/2023 5:00:00 AM,1800,2023,Evening,Tuesday,2,Elmvale - Eastway - Riverview - Riverview Park West,33,East,Ward 18 - Alta Vista,Marty Carr,5050011.04,FATAL,371071.720000003,5030273.56189946
343,4121,5/28/2021 5:00:00 AM,1800,2021,5/28/2021 5:00:00 AM,1800,2021,Evening,Friday,5,Elmvale - Eastway - Riverview - Riverview Park West,33,East,Ward 18 - Alta Vista,Marty Carr,5050011.04,MAJOR,370700.504100003,5030197.50849946
344,9990,1/29/2023 5:00:00 AM,200,2023,1/29/2023 5:00:00 AM,200,2023,Night,Sunday,7,Elmvale - Eastway - Riverview - Riverview Park West,33,East,Ward 18 - Alta Vista,Marty Carr,5050011.04,MINOR,371323.721100004,5029885.55889946
345,903,3/24/2021 5:00:00 AM,1800,2021,3/24/2021 5:00:00 AM,1800,2021,Evening,Wednesday,3,Elmvale - Eastway - Riverview - Riverview Park West,33,East,Ward 17 - Capital,Shawn Menard,5050011.03,,370375.401900004,5030346.50789946
346,9990,2/20/2019 5:00:00 AM,200,2019,2/20/2019 5:00:00 AM,200,2019,Night,Wednesday,3,Elmvale - Eastway - Riverview - Riverview Park West,33,East,Ward 18 - Alta Vista,Marty Carr,5050011.04,,371323.721100004,5029885.55889946
347,1978,12/15/2021 5:00:00 AM,200,2021,12/15/2021 5:00:00 AM,2200,2021,Evening,Wednesday,3,Vanier North,25,Central,Ward 12 - Rideau-Vanier,Stéphanie Plante,5050102.00,MAJOR,370426.710100003,5033462.59209946
348,14587,6/4/2023 5:00:00 AM,200,2023,6/4/2023 5:00:00 AM,2100,2023,Evening,Sunday,7,Vanier North,25,Central,Ward 12 - Rideau-Vanier,Stéphanie Plante,5050103.00,,369770.707100004,5033817.59589946
349,15013,7/11/2018 5:00:00 AM,0,2018,7/11/2018 5:00:00 AM,0,2018,Night,Wednesday,3,Vanier North,25,Central,Ward 12 - Rideau-Vanier,Stéphanie Plante,5050104.00,,369301.647800004,5033687.53619946
350,12251,10/21/2019 5:00:00 AM,200,2019,10/21/2019 5:00:00 AM,300,2019,Night,Monday,1,Vanier North,25,Central,Ward 12 - Rideau-Vanier,Stéphanie Plante,5050104.00,,370140.709000003,5033529.59289946
351,11891,1/16/2019 5:00:00 AM,1800,2019,1/16/2019 5:00:00 AM,1700,2019,Afternoon,Wednesday,3,Vanier North,25,Central,Ward 12 - Rideau-Vanier,Stéphanie Plante,5050101.00,MAJOR,370098.710100003,5033170.58899946
352,9001,1/16/2019 5:00:00 AM,200,2019,1/12/2019 5:00:00 AM,2300,2019,Evening,Saturday,6,Vanier North,25,Central,Ward 12 - Rideau-Vanier,Stéphanie Plante,5050101.00,NONE,370163.709000003,5033320.26109946
353,9261,10/16/2022 5:00:00 AM,100,2022,10/16/2022 5:00:00 AM,100,2022,Night,Sunday,7,Vanier North,25,Central,Ward 12 - Rideau-Vanier,Stéphanie Plante,5050104.00,,369440.528800003,5033804.48319946
354,1300,4/10/2018 5:00:00 AM,0,2018,4/10/2018 5:00:00 AM,0,2018,Night,Tuesday,2,Vanier North,25,Central,Ward 12 - Rideau-Vanier,Stéphanie Plante,5050102.00,NONE,370155.709000002,5033390.59099946
355,9514,4/19/2022 5:00:00 AM,200,2022,4/19/2022 5:00:00 AM,200,2022,Night,Tuesday,2,Vanier North,25,Central,Ward 12 - Rideau-Vanier,Stéphanie Plante,5050103.00,NONE,370778.711000004,5033668.59289946
356,401,11/22/2023 5:00:00 AM,500,2023,11/22/2023 5:00:00 AM,500,2023,Night,Wednesday,3,Vanier North,25,Central,Ward 12 - Rideau-Vanier,Stéphanie Plante,5050102.00,,370297.710100004,5033474.59209946
357,15843,6/22/2023 5:00:00 AM,200,2023,6/22/2023 5:00:00 AM,2000,2023,Evening,Thursday,4,Vanier North,25,Central,Ward 12 - Rideau-Vanier,Stéphanie Plante,5050060.00,,371333.019200003,5034330.97659946
358,12,1/22/2019 5:00:00 AM,200,2019,1/22/2019 5:00:00 AM,2000,2019,Evening,Tuesday,2,Vanier North,25,Central,Ward 12 - Rideau-Vanier,Stéphanie Plante,5050103.00,MAJOR,370410.709000003,5033839.59509946
359,4833,10/26/2018 5:00:00 AM,100,2018,10/26/2018 5:00:00 AM,100,2018,Night,Friday,5,Overbrook - McArthur,25,Central,Ward 12 - Rideau-Vanier,Stéphanie Plante,5050101.00,NONE,369717.200000004,5032956.36789946
360,15843,7/31/2022 5:00:00 AM,200,2022,7/31/2022 5:00:00 AM,2200,2022,Evening,Sunday,7,Vanier North,25,Central,Ward 12 - Rideau-Vanier,Stéphanie Plante,5050060.00,,371333.019200003,5034330.97659946
361,3163,12/6/2022 5:00:00 AM,1600,2022,12/4/2022 5:00:00 AM,,2022,,Sunday,7,Vanier North,25,Central,Ward 12 - Rideau-Vanier,Stéphanie Plante,5050104.00,,369817.058600004,5033416.62749946
362,2449,9/26/2023 5:00:00 AM,,2023,9/26/2023 5:00:00 AM,,2023,,Tuesday,2,Vanier North,25,Central,Ward 12 - Rideau-Vanier,Stéphanie Plante,5050104.00,,369581.707100004,5033622.59509946
363,3452,2/9/2021 5:00:00 AM,0,2021,2/9/2021 5:00:00 AM,0,2021,Night,Tuesday,2,Westboro,21,Central,Ward 15 - Kitchissippi,Jeff Leiper,5050033.02,NONE,364180.015600002,5027715.70799946
364,789,10/20/2019 5:00:00 AM,0,2019,10/20/2019 5:00:00 AM,0,2019,Night,Sunday,7,Westboro,21,Central,Ward 15 - Kitchissippi,Jeff Leiper,5050045.00,NONE,362836.687900001,5028741.55399946
365,973,9/2/2022 5:00:00 AM,200,2022,9/2/2022 5:00:00 AM,2300,2022,Evening,Friday,5,Elmvale - Eastway - Riverview - Riverview Park West,33,East,Ward 18 - Alta Vista,Marty Carr,5050011.01,MINOR,373001.729000006,5029506.55289946
366,1173,1/3/2018 5:00:00 AM,200,2018,1/3/2018 5:00:00 AM,2200,2018,Evening,Wednesday,3,Elmvale - Eastway - Riverview - Riverview Park West,33,East,Ward 18 - Alta Vista,Marty Carr,5050008.00,,373561.425200006,5027959.15289946
367,1173,6/11/2021 5:00:00 AM,400,2021,6/11/2021 5:00:00 AM,400,2021,Night,Friday,5,Elmvale - Eastway - Riverview - Riverview Park West,33,East,Ward 18 - Alta Vista,Marty Carr,5050008.00,,373561.425200006,5027959.15289946
368,973,7/2/2023 5:00:00 AM,200,2023,7/2/2023 5:00:00 AM,200,2023,Night,Sunday,7,Elmvale - Eastway - Riverview - Riverview Park West,33,East,Ward 18 - Alta Vista,Marty Carr,5050011.01,,373001.729000006,5029506.55289946
369,11639,5/8/2022 5:00:00 AM,1300,2022,5/8/2022 5:00:00 AM,1300,2022,Afternoon,Sunday,7,Elmvale - Eastway - Riverview - Riverview Park West,33,East,Ward 18 - Alta Vista,Marty Carr,5050009.00,,373575.732900005,5028848.54709946
370,973,8/16/2022 5:00:00 AM,1800,2022,8/16/2022 5:00:00 AM,1800,2022,Evening,Tuesday,2,Elmvale - Eastway - Riverview - Riverview Park West,33,East,Ward 18 - Alta Vista,Marty Carr,5050011.01,,373001.729000006,5029506.55289946
371,11339,7/23/2022 5:00:00 AM,1500,2022,7/19/2022 5:00:00 AM,2300,2022,Evening,Tuesday,2,Iris,15,West,Ward 8 - College,Laine Johnson,5050026.00,,361384.511000001,5023827.50989946
372,11469,6/1/2020 5:00:00 AM,1800,2020,6/1/2020 5:00:00 AM,1800,2020,Evening,Monday,1,Iris,15,West,Ward 8 - College,Laine Johnson,5050026.00,NONE,361633.192900003,5023935.51399946
373,8888,6/1/2020 5:00:00 AM,600,2020,6/1/2020 5:00:00 AM,600,2020,Morning,Monday,1,Iris,15,West,Ward 8 - College,Laine Johnson,5050026.00,NONE,361936.784100002,5023506.30709946
374,9871,1/5/2021 5:00:00 AM,1900,2021,1/5/2021 5:00:00 AM,1900,2021,Evening,Tuesday,2,Iris,15,West,Ward 8 - College,Laine Johnson,5050026.00,MINOR,360847.015100001,5023442.67589946
375,12293,5/30/2021 5:00:00 AM,200,2021,5/30/2021 5:00:00 AM,2100,2021,Evening,Sunday,7,Braemar Park - Bel Air Heights - Copeland Park,17,West,Ward 8 - College,Laine Johnson,5050026.00,MAJOR,362211.394000002,5024366.57999946
376,11469,12/6/2021 5:00:00 AM,300,2021,12/6/2021 5:00:00 AM,300,2021,Night,Monday,1,Iris,15,West,Ward 8 - College,Laine Johnson,5050026.00,FATAL,361633.192900003,5023935.51399946
377,11332,11/3/2023 5:00:00 AM,200,2023,11/3/2023 5:00:00 AM,2000,2023,Evening,Friday,5,Iris,15,West,Ward 8 - College,Laine Johnson,5050026.00,,361105.678900001,5023548.50709946
378,11339,8/19/2021 5:00:00 AM,1400,2021,8/19/2021 5:00:00 AM,1400,2021,Afternoon,Thursday,4,Iris,15,West,Ward 8 - College,Laine Johnson,5050026.00,,361384.511000001,5023827.50989946
379,1764,11/11/2019 5:00:00 AM,1100,2019,11/11/2019 5:00:00 AM,1100,2019,Morning,Monday,1,Iris,15,West,Ward 8 - College,Laine Johnson,5050026.00,NONE,360694.017000001,5022917.16989946
380,9120,6/9/2018 5:00:00 AM,200,2018,6/9/2018 5:00:00 AM,2000,2018,Evening,Saturday,6,South Keys - Heron Gate - Greenboro West,35,East,Ward 10 - Gloucester-Southgate,Jessica Bradley,5050001.04,,371608.731000004,5024096.51399946
381,7387,11/23/2018 5:00:00 AM,1800,2018,11/23/2018 5:00:00 AM,1800,2018,Evening,Friday,5,South Keys - Heron Gate - Greenboro West,35,East,Ward 10 - Gloucester-Southgate,Jessica Bradley,5050001.04,FATAL,370852.239900004,5024838.49869946
382,9120,4/15/2018 5:00:00 AM,100,2018,4/15/2018 5:00:00 AM,100,2018,Night,Sunday,7,South Keys - Heron Gate - Greenboro West,35,East,Ward 10 - Gloucester-Southgate,Jessica Bradley,5050001.04,MAJOR,371608.731000004,5024096.51399946
383,7199,9/22/2018 5:00:00 AM,1900,2018,9/22/2018 5:00:00 AM,1900,2018,Evening,Saturday,6,South Keys - Heron Gate - Greenboro West,35,East,Ward 10 - Gloucester-Southgate,Jessica Bradley,5050001.04,NONE,371199.498400002,5024142.70239946
384,9120,9/1/2018 5:00:00 AM,100,2018,9/1/2018 5:00:00 AM,100,2018,Night,Saturday,6,South Keys - Heron Gate - Greenboro West,35,East,Ward 10 - Gloucester-Southgate,Jessica Bradley,5050001.04,MINOR,371608.731000004,5024096.51399946
385,6114,9/17/2023 5:00:00 AM,100,2023,9/17/2023 5:00:00 AM,100,2023,Night,Sunday,7,Britannia Village,14,West,Ward 7 - Bay,Theresa Kavanagh,5050030.00,,360135.577000001,5025337.64899946
386,853,9/9/2023 5:00:00 AM,1600,2023,9/9/2023 5:00:00 AM,1600,2023,Afternoon,Saturday,6,Britannia Village,14,West,Ward 7 - Bay,Theresa Kavanagh,5050030.00,,360502.570100002,5025460.40789946
387,10137,3/21/2021 5:00:00 AM,200,2021,3/21/2021 5:00:00 AM,2100,2021,Evening,Sunday,7,Britannia Village,14,West,Ward 7 - Bay,Theresa Kavanagh,5050030.00,,360729.678100001,5025528.52489946
388,14273,10/10/2021 5:00:00 AM,1700,2021,10/10/2021 5:00:00 AM,1700,2021,Afternoon,Sunday,7,West Centertown,22,Central,Ward 14 - Somerset,Ariel Troster,5050042.00,,366981.155100002,5030237.84109946
389,14273,4/24/2023 5:00:00 AM,1500,2023,4/24/2023 5:00:00 AM,1500,2023,Afternoon,Monday,1,West Centertown,22,Central,Ward 14 - Somerset,Ariel Troster,5050041.00,,366981.155100002,5030237.84109946
390,6344,1/2/2020 5:00:00 AM,0,2020,1/1/2020 5:00:00 AM,2200,2020,Evening,Wednesday,3,West Centertown,22,Central,Ward 14 - Somerset,Ariel Troster,5050041.00,MAJOR,366968.187100002,5030475.11809946
391,2954,2/21/2021 5:00:00 AM,1600,2021,2/21/2021 5:00:00 AM,1500,2021,Afternoon,Sunday,7,West Centertown,22,Central,Ward 14 - Somerset,Ariel Troster,5050042.00,,366426.878800004,5029859.64219946
392,6344,3/30/2021 5:00:00 AM,200,2021,3/30/2021 5:00:00 AM,2200,2021,Evening,Tuesday,2,Centretown,23,Central,Ward 14 - Somerset,Ariel Troster,5050041.00,UNKNOWN,366968.187100002,5030475.11809946
393,13402,5/6/2021 5:00:00 AM,1100,2021,5/6/2021 5:00:00 AM,1000,2021,Morning,Thursday,4,West Centertown,22,Central,Ward 14 - Somerset,Ariel Troster,5050041.00,,366899.187100003,5030432.60189946
394,1824,1/5/2018 5:00:00 AM,100,2018,1/4/2018 5:00:00 AM,2300,2018,Evening,Thursday,4,West Centertown,22,Central,Ward 14 - Somerset,Ariel Troster,5050042.00,MAJOR,366597.701900001,5029935.56409946
395,10088,8/29/2022 5:00:00 AM,1700,2022,8/29/2022 5:00:00 AM,1700,2022,Afternoon,Monday,1,West Centertown,22,Central,Ward 14 - Somerset,Ariel Troster,5050041.00,MAJOR,366498.753600003,5030471.98999946
396,12309,3/24/2018 5:00:00 AM,1700,2018,3/24/2018 5:00:00 AM,1500,2018,Afternoon,Saturday,6,West Centertown,22,Central,Ward 14 - Somerset,Ariel Troster,5050041.00,MAJOR,366650.701900002,5030124.56599946
397,12872,2/21/2021 5:00:00 AM,1600,2021,2/21/2021 5:00:00 AM,1600,2021,Afternoon,Sunday,7,West Centertown,22,Central,Ward 14 - Somerset,Ariel Troster,5050042.00,NONE,367039.130100002,5030018.92299946
398,12926,7/29/2023 5:00:00 AM,200,2023,7/29/2023 5:00:00 AM,200,2023,Night,Saturday,6,East Industrial,33,East,Ward 10 - Gloucester-Southgate,Jessica Bradley,5050001.08,,374601.740000005,5027551.53589946
399,9832,3/21/2021 5:00:00 AM,200,2021,3/21/2021 5:00:00 AM,1800,2021,Evening,Sunday,7,East Industrial,33,East,Ward 10 - Gloucester-Southgate,Jessica Bradley,5050001.08,,373689.198100002,5027495.86599946
400,4810,2/8/2020 5:00:00 AM,200,2020,2/8/2020 5:00:00 AM,2100,2020,Evening,Saturday,6,Bells Corners West,15,West,Ward 8 - College,Laine Johnson,5050136.02,MAJOR,357232.651,5019489.46899946
401,8510,5/17/2020 5:00:00 AM,200,2020,5/17/2020 5:00:00 AM,2000,2020,Evening,Sunday,7,Bells Corners West,15,West,Ward 8 - College,Laine Johnson,5050136.02,,356736.6479,5019813.47209946
402,5264,3/15/2020 5:00:00 AM,1300,2020,3/15/2020 5:00:00 AM,1300,2020,Afternoon,Sunday,7,Bells Corners West,15,West,Ward 8 - College,Laine Johnson,5050136.02,MINOR,356395.647100001,5020053.47399946
403,11398,1/13/2018 5:00:00 AM,200,2018,1/13/2018 5:00:00 AM,2100,2018,Evening,Saturday,6,Bells Corners West,15,West,Ward 8 - College,Laine Johnson,5050136.02,NONE,356508.6471,5019781.47209946
404,5673,1/21/2018 5:00:00 AM,300,2018,1/21/2018 5:00:00 AM,300,2018,Night,Sunday,7,Bells Corners West,15,West,Ward 8 - College,Laine Johnson,5050136.02,NONE,357311.651000001,5019333.46789946
405,2709,7/5/2018 5:00:00 AM,200,2018,7/5/2018 5:00:00 AM,700,2018,Morning,Thursday,4,Hunt Club East - Western Community,35,East,Ward 16 - River,Riley Brockington,5050002.05,,370029.696500003,5023278.55909946
406,12748,5/8/2023 5:00:00 AM,200,2023,5/8/2023 5:00:00 AM,2200,2023,Evening,Monday,1,Hunt Club East - Western Community,35,East,Ward 16 - River,Riley Brockington,5050002.05,,369724.965200004,5023366.15739946
407,23065,8/17/2023 5:00:00 AM,200,2023,8/17/2023 5:00:00 AM,2300,2023,Evening,Thursday,4,Hunt Club East - Western Community,35,East,Ward 10 - Gloucester-Southgate,Jessica Bradley,5050127.00,,370357.253700004,5022836.09009946
408,2712,1/9/2018 5:00:00 AM,200,2018,1/9/2018 5:00:00 AM,2000,2018,Evening,Tuesday,2,Hunt Club East - Western Community,35,East,Ward 16 - River,Riley Brockington,5050002.05,FATAL,369457.721100002,5023575.51099946
409,11070,4/25/2022 5:00:00 AM,200,2022,4/25/2022 5:00:00 AM,2200,2022,Evening,Monday,1,Greenbelt - Mer Bleue,31,East,Ward 10 - Gloucester-Southgate,Jessica Bradley,5050125.03,MAJOR,378311.751000006,5030274.54599946
410,6084,2/12/2019 5:00:00 AM,900,2019,12/30/2018 5:00:00 AM,100,2018,Night,Sunday,7,Greenbelt - Shirleys Bay,14,West,Ward 7 - Bay,Theresa Kavanagh,5050141.14,,356001.651000001,5023937.50899946
411,10360,3/17/2023 5:00:00 AM,900,2023,3/17/2023 5:00:00 AM,900,2023,Morning,Friday,5,Greenbelt - Stony Swamp,15,West,Ward 8 - College,Laine Johnson,5050141.14,,357905.0663,5018504.36119946
412,4966,5/15/2021 5:00:00 AM,200,2021,5/15/2021 5:00:00 AM,2300,2021,Evening,Saturday,6,Greenbelt SouthEast,33,East,Ward 10 - Gloucester-Southgate,Jessica Bradley,5050126.04,MINOR,379586.767100006,5026006.51589946
413,12806,9/10/2021 5:00:00 AM,200,2021,9/10/2021 5:00:00 AM,200,2021,Night,Friday,5,Hunt Club Upper -Blossom Park - Timbermill,35,East,Ward 10 - Gloucester-Southgate,Jessica Bradley,5050127.00,MAJOR,372869.064000004,5022435.56399946
